judge,artist,album,vote
E1,佛跳墙,BJ肆,4
E1,Robynn & Kendy,Curations,0
E1,吉克隽逸,Global Citizen世界公民Ⅲ,0
E1,陈珊妮,Juvenile A,0
E1,缺省,Life In A Vacuum,0
E1,小尘埃,Little By Little,0
E1,邓小巧,No Coincidence,0
E1,Gong Gong Gong 工工工,Phantom Rhythm 幽灵节奏,0
E1,威神V WayV,Take Off (The 1st Mini Album),0
E1,谢安琪/麦浚龙,The Album And The Rest Of It,0
E1,粉红A,为艺术牺牲,0
E1,丢莱卡,健忘的平原,0
E1,全家福合唱团,全家福II,0
E1,养鸡,养鸡的梦境,0
E1,小老虎,北京吗,0
E1,张雄关,危险地带,0
E1,宫阁,即将上映,0
E1,傻子与白痴,夜长梦少,0
E1,Howie Lee,天地不仁,0
E1,吴青峰,太空人,2
E1,许哲佩,失物之城,0
E1,丁世光,实况电影,0
E1,周华健,少年,0
E1,莫宰羊,幻想曲,0
E1,倒车入库,庸人自扰,0
E1,Ice Paper,成语接龙,0
E1,梁静茹,我好吗? - 太阳如常升起,0
E1,家家,我想要的,1
E1,短裤里的诗歌,我还喜欢你,0
E1,许廷铿,拾,0
E1,鬼卞,无间,0
E1,刘柏辛,无限意识Meta Ego,3
E1,鲁向卉,时间/木马,0
E1,AR刘夫阳,校园寓言故事,0
E1,熊仔/豹子胆,梦想成真,0
E1,橘子海,浪潮上岸,0
E1,苏紫旭,混乱之子,0
E1,脏手指,滥情三部曲,0
E1,百合花,烧金蕉,0
E1,王若琳,爱的呼唤,0
E1,郑宜农,给天王星,0
E1,邱比,至繁,0
E1,发光曲线,荒野星,0
E1,魏如萱,藏着并不等于遗忘,0
E1,伍佰&China Blue,让水倒流,0
E1,杨乃文,越美丽越看不见,5
E1,郁可唯,路过人间,0
E1,群星,过春天 电影原声碟,5
E1,懒惰致富集团,飞艇计划,0
E1,陈蕾,1029,0
E2,佛跳墙,BJ肆,0
E2,Robynn & Kendy,Curations,0
E2,吉克隽逸,Global Citizen世界公民Ⅲ,0
E2,陈珊妮,Juvenile A,3
E2,缺省,Life In A Vacuum,0
E2,小尘埃,Little By Little,0
E2,邓小巧,No Coincidence,0
E2,Gong Gong Gong 工工工,Phantom Rhythm 幽灵节奏,0
E2,威神V WayV,Take Off (The 1st Mini Album),0
E2,谢安琪/麦浚龙,The Album And The Rest Of It,0
E2,粉红A,为艺术牺牲,0
E2,丢莱卡,健忘的平原,0
E2,全家福合唱团,全家福II,0
E2,养鸡,养鸡的梦境,4
E2,小老虎,北京吗,0
E2,张雄关,危险地带,0
E2,宫阁,即将上映,0
E2,傻子与白痴,夜长梦少,0
E2,Howie Lee,天地不仁,0
E2,吴青峰,太空人,0
E2,许哲佩,失物之城,0
E2,丁世光,实况电影,0
E2,周华健,少年,0
E2,莫宰羊,幻想曲,0
E2,倒车入库,庸人自扰,0
E2,Ice Paper,成语接龙,0
E2,梁静茹,我好吗? - 太阳如常升起,0
E2,家家,我想要的,0
E2,短裤里的诗歌,我还喜欢你,0
E2,许廷铿,拾,0
E2,鬼卞,无间,0
E2,刘柏辛,无限意识Meta Ego,4
E2,鲁向卉,时间/木马,0
E2,AR刘夫阳,校园寓言故事,0
E2,熊仔/豹子胆,梦想成真,0
E2,橘子海,浪潮上岸,0
E2,苏紫旭,混乱之子,0
E2,脏手指,滥情三部曲,0
E2,百合花,烧金蕉,0
E2,王若琳,爱的呼唤,0
E2,郑宜农,给天王星,0
E2,邱比,至繁,0
E2,发光曲线,荒野星,0
E2,魏如萱,藏着并不等于遗忘,3
E2,伍佰&China Blue,让水倒流,0
E2,杨乃文,越美丽越看不见,2
E2,郁可唯,路过人间,0
E2,群星,过春天 电影原声碟,0
E2,懒惰致富集团,飞艇计划,0
E2,陈蕾,1029,0
E3,佛跳墙,BJ肆,1
E3,Robynn & Kendy,Curations,0
E3,吉克隽逸,Global Citizen世界公民Ⅲ,0
E3,陈珊妮,Juvenile A,1
E3,缺省,Life In A Vacuum,0
E3,小尘埃,Little By Little,0
E3,邓小巧,No Coincidence,0
E3,Gong Gong Gong 工工工,Phantom Rhythm 幽灵节奏,0
E3,威神V WayV,Take Off (The 1st Mini Album),0
E3,谢安琪/麦浚龙,The Album And The Rest Of It,0
E3,粉红A,为艺术牺牲,0
E3,丢莱卡,健忘的平原,0
E3,全家福合唱团,全家福II,3
E3,养鸡,养鸡的梦境,0
E3,小老虎,北京吗,1
E3,张雄关,危险地带,0
E3,宫阁,即将上映,0
E3,傻子与白痴,夜长梦少,0
E3,Howie Lee,天地不仁,0
E3,吴青峰,太空人,3
E3,许哲佩,失物之城,3
E3,丁世光,实况电影,3
E3,周华健,少年,1
E3,莫宰羊,幻想曲,0
E3,倒车入库,庸人自扰,0
E3,Ice Paper,成语接龙,1
E3,梁静茹,我好吗? - 太阳如常升起,0
E3,家家,我想要的,0
E3,短裤里的诗歌,我还喜欢你,0
E3,许廷铿,拾,0
E3,鬼卞,无间,0
E3,刘柏辛,无限意识Meta Ego,1
E3,鲁向卉,时间/木马,0
E3,AR刘夫阳,校园寓言故事,0
E3,熊仔/豹子胆,梦想成真,0
E3,橘子海,浪潮上岸,1
E3,苏紫旭,混乱之子,1
E3,脏手指,滥情三部曲,0
E3,百合花,烧金蕉,0
E3,王若琳,爱的呼唤,0
E3,郑宜农,给天王星,3
E3,邱比,至繁,3
E3,发光曲线,荒野星,6
E3,魏如萱,藏着并不等于遗忘,0
E3,伍佰&China Blue,让水倒流,0
E3,杨乃文,越美丽越看不见,0
E3,郁可唯,路过人间,0
E3,群星,过春天 电影原声碟,0
E3,懒惰致富集团,飞艇计划,0
E3,陈蕾,1029,0
E4,佛跳墙,BJ肆,0
E4,Robynn & Kendy,Curations,0
E4,吉克隽逸,Global Citizen世界公民Ⅲ,0
E4,陈珊妮,Juvenile A,0
E4,缺省,Life In A Vacuum,0
E4,小尘埃,Little By Little,0
E4,邓小巧,No Coincidence,0
E4,Gong Gong Gong 工工工,Phantom Rhythm 幽灵节奏,6
E4,威神V WayV,Take Off (The 1st Mini Album),0
E4,谢安琪/麦浚龙,The Album And The Rest Of It,0
E4,粉红A,为艺术牺牲,4
E4,丢莱卡,健忘的平原,0
E4,全家福合唱团,全家福II,3
E4,养鸡,养鸡的梦境,1
E4,小老虎,北京吗,0
E4,张雄关,危险地带,3
E4,宫阁,即将上映,0
E4,傻子与白痴,夜长梦少,0
E4,Howie Lee,天地不仁,4
E4,吴青峰,太空人,0
E4,许哲佩,失物之城,0
E4,丁世光,实况电影,0
E4,周华健,少年,0
E4,莫宰羊,幻想曲,0
E4,倒车入库,庸人自扰,0
E4,Ice Paper,成语接龙,0
E4,梁静茹,我好吗? - 太阳如常升起,0
E4,家家,我想要的,0
E4,短裤里的诗歌,我还喜欢你,0
E4,许廷铿,拾,0
E4,鬼卞,无间,0
E4,刘柏辛,无限意识Meta Ego,3
E4,鲁向卉,时间/木马,0
E4,AR刘夫阳,校园寓言故事,0
E4,熊仔/豹子胆,梦想成真,0
E4,橘子海,浪潮上岸,0
E4,苏紫旭,混乱之子,0
E4,脏手指,滥情三部曲,0
E4,百合花,烧金蕉,0
E4,王若琳,爱的呼唤,0
E4,郑宜农,给天王星,0
E4,邱比,至繁,0
E4,发光曲线,荒野星,0
E4,魏如萱,藏着并不等于遗忘,0
E4,伍佰&China Blue,让水倒流,0
E4,杨乃文,越美丽越看不见,0
E4,郁可唯,路过人间,0
E4,群星,过春天 电影原声碟,2
E4,懒惰致富集团,飞艇计划,0
E4,陈蕾,1029,0
E5,佛跳墙,BJ肆,2
E5,Robynn & Kendy,Curations,0
E5,吉克隽逸,Global Citizen世界公民Ⅲ,0
E5,陈珊妮,Juvenile A,3
E5,缺省,Life In A Vacuum,0
E5,小尘埃,Little By Little,0
E5,邓小巧,No Coincidence,2
E5,Gong Gong Gong 工工工,Phantom Rhythm 幽灵节奏,0
E5,威神V WayV,Take Off (The 1st Mini Album),0
E5,谢安琪/麦浚龙,The Album And The Rest Of It,3
E5,粉红A,为艺术牺牲,0
E5,丢莱卡,健忘的平原,0
E5,全家福合唱团,全家福II,0
E5,养鸡,养鸡的梦境,0
E5,小老虎,北京吗,0
E5,张雄关,危险地带,0
E5,宫阁,即将上映,2
E5,傻子与白痴,夜长梦少,0
E5,Howie Lee,天地不仁,0
E5,吴青峰,太空人,0
E5,许哲佩,失物之城,2
E5,丁世光,实况电影,0
E5,周华健,少年,0
E5,莫宰羊,幻想曲,0
E5,倒车入库,庸人自扰,3
E5,Ice Paper,成语接龙,0
E5,梁静茹,我好吗? - 太阳如常升起,1
E5,家家,我想要的,2
E5,短裤里的诗歌,我还喜欢你,0
E5,许廷铿,拾,0
E5,鬼卞,无间,0
E5,刘柏辛,无限意识Meta Ego,0
E5,鲁向卉,时间/木马,0
E5,AR刘夫阳,校园寓言故事,0
E5,熊仔/豹子胆,梦想成真,0
E5,橘子海,浪潮上岸,2
E5,苏紫旭,混乱之子,0
E5,脏手指,滥情三部曲,0
E5,百合花,烧金蕉,3
E5,王若琳,爱的呼唤,3
E5,郑宜农,给天王星,1
E5,邱比,至繁,1
E5,发光曲线,荒野星,0
E5,魏如萱,藏着并不等于遗忘,3
E5,伍佰&China Blue,让水倒流,2
E5,杨乃文,越美丽越看不见,2
E5,郁可唯,路过人间,1
E5,群星,过春天 电影原声碟,3
E5,懒惰致富集团,飞艇计划,0
E5,陈蕾,1029,0
E6,佛跳墙,BJ肆,0
E6,Robynn & Kendy,Curations,0
E6,吉克隽逸,Global Citizen世界公民Ⅲ,0
E6,陈珊妮,Juvenile A,0
E6,缺省,Life In A Vacuum,0
E6,小尘埃,Little By Little,0
E6,邓小巧,No Coincidence,0
E6,Gong Gong Gong 工工工,Phantom Rhythm 幽灵节奏,0
E6,威神V WayV,Take Off (The 1st Mini Album),0
E6,谢安琪/麦浚龙,The Album And The Rest Of It,0
E6,粉红A,为艺术牺牲,0
E6,丢莱卡,健忘的平原,3
E6,全家福合唱团,全家福II,0
E6,养鸡,养鸡的梦境,3
E6,小老虎,北京吗,0
E6,张雄关,危险地带,0
E6,宫阁,即将上映,0
E6,傻子与白痴,夜长梦少,2
E6,Howie Lee,天地不仁,1
E6,吴青峰,太空人,0
E6,许哲佩,失物之城,0
E6,丁世光,实况电影,0
E6,周华健,少年,0
E6,莫宰羊,幻想曲,0
E6,倒车入库,庸人自扰,0
E6,Ice Paper,成语接龙,0
E6,梁静茹,我好吗? - 太阳如常升起,0
E6,家家,我想要的,0
E6,短裤里的诗歌,我还喜欢你,5
E6,许廷铿,拾,0
E6,鬼卞,无间,0
E6,刘柏辛,无限意识Meta Ego,0
E6,鲁向卉,时间/木马,0
E6,AR刘夫阳,校园寓言故事,0
E6,熊仔/豹子胆,梦想成真,0
E6,橘子海,浪潮上岸,2
E6,苏紫旭,混乱之子,0
E6,脏手指,滥情三部曲,3
E6,百合花,烧金蕉,1
E6,王若琳,爱的呼唤,2
E6,郑宜农,给天王星,0
E6,邱比,至繁,0
E6,发光曲线,荒野星,0
E6,魏如萱,藏着并不等于遗忘,2
E6,伍佰&China Blue,让水倒流,0
E6,杨乃文,越美丽越看不见,0
E6,郁可唯,路过人间,0
E6,群星,过春天 电影原声碟,5
E6,懒惰致富集团,飞艇计划,0
E6,陈蕾,1029,0
E7,佛跳墙,BJ肆,1
E7,Robynn & Kendy,Curations,0
E7,吉克隽逸,Global Citizen世界公民Ⅲ,4
E7,陈珊妮,Juvenile A,0
E7,缺省,Life In A Vacuum,0
E7,小尘埃,Little By Little,0
E7,邓小巧,No Coincidence,2
E7,Gong Gong Gong 工工工,Phantom Rhythm 幽灵节奏,0
E7,威神V WayV,Take Off (The 1st Mini Album),0
E7,谢安琪/麦浚龙,The Album And The Rest Of It,0
E7,粉红A,为艺术牺牲,0
E7,丢莱卡,健忘的平原,0
E7,全家福合唱团,全家福II,0
E7,养鸡,养鸡的梦境,0
E7,小老虎,北京吗,0
E7,张雄关,危险地带,0
E7,宫阁,即将上映,2
E7,傻子与白痴,夜长梦少,0
E7,Howie Lee,天地不仁,0
E7,吴青峰,太空人,2
E7,许哲佩,失物之城,0
E7,丁世光,实况电影,0
E7,周华健,少年,3
E7,莫宰羊,幻想曲,0
E7,倒车入库,庸人自扰,0
E7,Ice Paper,成语接龙,3
E7,梁静茹,我好吗? - 太阳如常升起,0
E7,家家,我想要的,0
E7,短裤里的诗歌,我还喜欢你,0
E7,许廷铿,拾,0
E7,鬼卞,无间,5
E7,刘柏辛,无限意识Meta Ego,3
E7,鲁向卉,时间/木马,0
E7,AR刘夫阳,校园寓言故事,0
E7,熊仔/豹子胆,梦想成真,0
E7,橘子海,浪潮上岸,0
E7,苏紫旭,混乱之子,1
E7,脏手指,滥情三部曲,0
E7,百合花,烧金蕉,0
E7,王若琳,爱的呼唤,0
E7,郑宜农,给天王星,0
E7,邱比,至繁,0
E7,发光曲线,荒野星,0
E7,魏如萱,藏着并不等于遗忘,0
E7,伍佰&China Blue,让水倒流,2
E7,杨乃文,越美丽越看不见,2
E7,郁可唯,路过人间,3
E7,群星,过春天 电影原声碟,0
E7,懒惰致富集团,飞艇计划,0
E7,陈蕾,1029,0
E8,佛跳墙,BJ肆,0
E8,Robynn & Kendy,Curations,0
E8,吉克隽逸,Global Citizen世界公民Ⅲ,5
E8,陈珊妮,Juvenile A,2
E8,缺省,Life In A Vacuum,0
E8,小尘埃,Little By Little,0
E8,邓小巧,No Coincidence,0
E8,Gong Gong Gong 工工工,Phantom Rhythm 幽灵节奏,0
E8,威神V WayV,Take Off (The 1st Mini Album),0
E8,谢安琪/麦浚龙,The Album And The Rest Of It,0
E8,粉红A,为艺术牺牲,0
E8,丢莱卡,健忘的平原,0
E8,全家福合唱团,全家福II,0
E8,养鸡,养鸡的梦境,0
E8,小老虎,北京吗,0
E8,张雄关,危险地带,0
E8,宫阁,即将上映,0
E8,傻子与白痴,夜长梦少,0
E8,Howie Lee,天地不仁,1
E8,吴青峰,太空人,5
E8,许哲佩,失物之城,0
E8,丁世光,实况电影,0
E8,周华健,少年,0
E8,莫宰羊,幻想曲,0
E8,倒车入库,庸人自扰,0
E8,Ice Paper,成语接龙,3
E8,梁静茹,我好吗? - 太阳如常升起,0
E8,家家,我想要的,0
E8,短裤里的诗歌,我还喜欢你,0
E8,许廷铿,拾,0
E8,鬼卞,无间,3
E8,刘柏辛,无限意识Meta Ego,0
E8,鲁向卉,时间/木马,0
E8,AR刘夫阳,校园寓言故事,0
E8,熊仔/豹子胆,梦想成真,0
E8,橘子海,浪潮上岸,1
E8,苏紫旭,混乱之子,0
E8,脏手指,滥情三部曲,2
E8,百合花,烧金蕉,0
E8,王若琳,爱的呼唤,0
E8,郑宜农,给天王星,0
E8,邱比,至繁,0
E8,发光曲线,荒野星,3
E8,魏如萱,藏着并不等于遗忘,2
E8,伍佰&China Blue,让水倒流,0
E8,杨乃文,越美丽越看不见,0
E8,郁可唯,路过人间,3
E8,群星,过春天 电影原声碟,0
E8,懒惰致富集团,飞艇计划,0
E8,陈蕾,1029,0
E9,佛跳墙,BJ肆,0
E9,Robynn & Kendy,Curations,0
E9,吉克隽逸,Global Citizen世界公民Ⅲ,2
E9,陈珊妮,Juvenile A,0
E9,缺省,Life In A Vacuum,0
E9,小尘埃,Little By Little,1
E9,邓小巧,No Coincidence,0
E9,Gong Gong Gong 工工工,Phantom Rhythm 幽灵节奏,0
E9,威神V WayV,Take Off (The 1st Mini Album),0
E9,谢安琪/麦浚龙,The Album And The Rest Of It,0
E9,粉红A,为艺术牺牲,0
E9,丢莱卡,健忘的平原,0
E9,全家福合唱团,全家福II,0
E9,养鸡,养鸡的梦境,0
E9,小老虎,北京吗,0
E9,张雄关,危险地带,0
E9,宫阁,即将上映,4
E9,傻子与白痴,夜长梦少,1
E9,Howie Lee,天地不仁,4
E9,吴青峰,太空人,3
E9,许哲佩,失物之城,4
E9,丁世光,实况电影,0
E9,周华健,少年,0
E9,莫宰羊,幻想曲,0
E9,倒车入库,庸人自扰,2
E9,Ice Paper,成语接龙,0
E9,梁静茹,我好吗? - 太阳如常升起,0
E9,家家,我想要的,0
E9,短裤里的诗歌,我还喜欢你,0
E9,许廷铿,拾,0
E9,鬼卞,无间,1
E9,刘柏辛,无限意识Meta Ego,0
E9,鲁向卉,时间/木马,0
E9,AR刘夫阳,校园寓言故事,1
E9,熊仔/豹子胆,梦想成真,0
E9,橘子海,浪潮上岸,2
E9,苏紫旭,混乱之子,1
E9,脏手指,滥情三部曲,0
E9,百合花,烧金蕉,2
E9,王若琳,爱的呼唤,0
E9,郑宜农,给天王星,0
E9,邱比,至繁,4
E9,发光曲线,荒野星,0
E9,魏如萱,藏着并不等于遗忘,0
E9,伍佰&China Blue,让水倒流,0
E9,杨乃文,越美丽越看不见,2
E9,郁可唯,路过人间,0
E9,群星,过春天 电影原声碟,0
E9,懒惰致富集团,飞艇计划,0
E9,陈蕾,1029,0
E10,佛跳墙,BJ肆,1
E10,Robynn & Kendy,Curations,1
E10,吉克隽逸,Global Citizen世界公民Ⅲ,1
E10,陈珊妮,Juvenile A,0
E10,缺省,Life In A Vacuum,0
E10,小尘埃,Little By Little,0
E10,邓小巧,No Coincidence,0
E10,Gong Gong Gong 工工工,Phantom Rhythm 幽灵节奏,1
E10,威神V WayV,Take Off (The 1st Mini Album),0
E10,谢安琪/麦浚龙,The Album And The Rest Of It,0
E10,粉红A,为艺术牺牲,0
E10,丢莱卡,健忘的平原,1
E10,全家福合唱团,全家福II,0
E10,养鸡,养鸡的梦境,0
E10,小老虎,北京吗,0
E10,张雄关,危险地带,0
E10,宫阁,即将上映,1
E10,傻子与白痴,夜长梦少,3
E10,Howie Lee,天地不仁,0
E10,吴青峰,太空人,5
E10,许哲佩,失物之城,3
E10,丁世光,实况电影,0
E10,周华健,少年,0
E10,莫宰羊,幻想曲,1
E10,倒车入库,庸人自扰,0
E10,Ice Paper,成语接龙,1
E10,梁静茹,我好吗? - 太阳如常升起,1
E10,家家,我想要的,1
E10,短裤里的诗歌,我还喜欢你,0
E10,许廷铿,拾,0
E10,鬼卞,无间,1
E10,刘柏辛,无限意识Meta Ego,1
E10,鲁向卉,时间/木马,1
E10,AR刘夫阳,校园寓言故事,0
E10,熊仔/豹子胆,梦想成真,0
E10,橘子海,浪潮上岸,2
E10,苏紫旭,混乱之子,2
E10,脏手指,滥情三部曲,0
E10,百合花,烧金蕉,2
E10,王若琳,爱的呼唤,0
E10,郑宜农,给天王星,0
E10,邱比,至繁,0
E10,发光曲线,荒野星,1
E10,魏如萱,藏着并不等于遗忘,5
E10,伍佰&China Blue,让水倒流,1
E10,杨乃文,越美丽越看不见,1
E10,郁可唯,路过人间,1
E10,群星,过春天 电影原声碟,0
E10,懒惰致富集团,飞艇计划,1
E10,陈蕾,1029,0
E11,佛跳墙,BJ肆,0
E11,Robynn & Kendy,Curations,0
E11,吉克隽逸,Global Citizen世界公民Ⅲ,0
E11,陈珊妮,Juvenile A,0
E11,缺省,Life In A Vacuum,0
E11,小尘埃,Little By Little,0
E11,邓小巧,No Coincidence,0
E11,Gong Gong Gong 工工工,Phantom Rhythm 幽灵节奏,0
E11,威神V WayV,Take Off (The 1st Mini Album),0
E11,谢安琪/麦浚龙,The Album And The Rest Of It,0
E11,粉红A,为艺术牺牲,0
E11,丢莱卡,健忘的平原,0
E11,全家福合唱团,全家福II,0
E11,养鸡,养鸡的梦境,0
E11,小老虎,北京吗,0
E11,张雄关,危险地带,0
E11,宫阁,即将上映,0
E11,傻子与白痴,夜长梦少,4
E11,Howie Lee,天地不仁,0
E11,吴青峰,太空人,0
E11,许哲佩,失物之城,0
E11,丁世光,实况电影,0
E11,周华健,少年,0
E11,莫宰羊,幻想曲,0
E11,倒车入库,庸人自扰,0
E11,Ice Paper,成语接龙,0
E11,梁静茹,我好吗? - 太阳如常升起,0
E11,家家,我想要的,0
E11,短裤里的诗歌,我还喜欢你,0
E11,许廷铿,拾,0
E11,鬼卞,无间,0
E11,刘柏辛,无限意识Meta Ego,0
E11,鲁向卉,时间/木马,2
E11,AR刘夫阳,校园寓言故事,0
E11,熊仔/豹子胆,梦想成真,0
E11,橘子海,浪潮上岸,0
E11,苏紫旭,混乱之子,0
E11,脏手指,滥情三部曲,0
E11,百合花,烧金蕉,0
E11,王若琳,爱的呼唤,0
E11,郑宜农,给天王星,0
E11,邱比,至繁,0
E11,发光曲线,荒野星,3
E11,魏如萱,藏着并不等于遗忘,8
E11,伍佰&China Blue,让水倒流,0
E11,杨乃文,越美丽越看不见,0
E11,郁可唯,路过人间,0
E11,群星,过春天 电影原声碟,0
E11,懒惰致富集团,飞艇计划,0
E11,陈蕾,1029,0
E12,佛跳墙,BJ肆,0
E12,Robynn & Kendy,Curations,0
E12,吉克隽逸,Global Citizen世界公民Ⅲ,1
E12,陈珊妮,Juvenile A,0
E12,缺省,Life In A Vacuum,0
E12,小尘埃,Little By Little,0
E12,邓小巧,No Coincidence,0
E12,Gong Gong Gong 工工工,Phantom Rhythm 幽灵节奏,0
E12,威神V WayV,Take Off (The 1st Mini Album),0
E12,谢安琪/麦浚龙,The Album And The Rest Of It,0
E12,粉红A,为艺术牺牲,0
E12,丢莱卡,健忘的平原,0
E12,全家福合唱团,全家福II,0
E12,养鸡,养鸡的梦境,0
E12,小老虎,北京吗,0
E12,张雄关,危险地带,0
E12,宫阁,即将上映,1
E12,傻子与白痴,夜长梦少,0
E12,Howie Lee,天地不仁,0
E12,吴青峰,太空人,1
E12,许哲佩,失物之城,0
E12,丁世光,实况电影,1
E12,周华健,少年,0
E12,莫宰羊,幻想曲,0
E12,倒车入库,庸人自扰,0
E12,Ice Paper,成语接龙,0
E12,梁静茹,我好吗? - 太阳如常升起,1
E12,家家,我想要的,0
E12,短裤里的诗歌,我还喜欢你,0
E12,许廷铿,拾,0
E12,鬼卞,无间,0
E12,刘柏辛,无限意识Meta Ego,5
E12,鲁向卉,时间/木马,1
E12,AR刘夫阳,校园寓言故事,0
E12,熊仔/豹子胆,梦想成真,1
E12,橘子海,浪潮上岸,6
E12,苏紫旭,混乱之子,0
E12,脏手指,滥情三部曲,0
E12,百合花,烧金蕉,0
E12,王若琳,爱的呼唤,3
E12,郑宜农,给天王星,3
E12,邱比,至繁,0
E12,发光曲线,荒野星,0
E12,魏如萱,藏着并不等于遗忘,3
E12,伍佰&China Blue,让水倒流,0
E12,杨乃文,越美丽越看不见,1
E12,郁可唯,路过人间,2
E12,群星,过春天 电影原声碟,0
E12,懒惰致富集团,飞艇计划,0
E12,陈蕾,1029,0
E13,佛跳墙,BJ肆,0
E13,Robynn & Kendy,Curations,0
E13,吉克隽逸,Global Citizen世界公民Ⅲ,0
E13,陈珊妮,Juvenile A,1
E13,缺省,Life In A Vacuum,0
E13,小尘埃,Little By Little,0
E13,邓小巧,No Coincidence,0
E13,Gong Gong Gong 工工工,Phantom Rhythm 幽灵节奏,1
E13,威神V WayV,Take Off (The 1st Mini Album),0
E13,谢安琪/麦浚龙,The Album And The Rest Of It,0
E13,粉红A,为艺术牺牲,0
E13,丢莱卡,健忘的平原,2
E13,全家福合唱团,全家福II,0
E13,养鸡,养鸡的梦境,0
E13,小老虎,北京吗,1
E13,张雄关,危险地带,1
E13,宫阁,即将上映,0
E13,傻子与白痴,夜长梦少,1
E13,Howie Lee,天地不仁,2
E13,吴青峰,太空人,0
E13,许哲佩,失物之城,0
E13,丁世光,实况电影,0
E13,周华健,少年,0
E13,莫宰羊,幻想曲,0
E13,倒车入库,庸人自扰,2
E13,Ice Paper,成语接龙,0
E13,梁静茹,我好吗? - 太阳如常升起,0
E13,家家,我想要的,0
E13,短裤里的诗歌,我还喜欢你,2
E13,许廷铿,拾,1
E13,鬼卞,无间,0
E13,刘柏辛,无限意识Meta Ego,0
E13,鲁向卉,时间/木马,0
E13,AR刘夫阳,校园寓言故事,0
E13,熊仔/豹子胆,梦想成真,0
E13,橘子海,浪潮上岸,1
E13,苏紫旭,混乱之子,4
E13,脏手指,滥情三部曲,1
E13,百合花,烧金蕉,1
E13,王若琳,爱的呼唤,3
E13,郑宜农,给天王星,2
E13,邱比,至繁,3
E13,发光曲线,荒野星,2
E13,魏如萱,藏着并不等于遗忘,4
E13,伍佰&China Blue,让水倒流,3
E13,杨乃文,越美丽越看不见,2
E13,郁可唯,路过人间,1
E13,群星,过春天 电影原声碟,1
E13,懒惰致富集团,飞艇计划,0
E13,陈蕾,1029,0
E14,佛跳墙,BJ肆,0
E14,Robynn & Kendy,Curations,0
E14,吉克隽逸,Global Citizen世界公民Ⅲ,0
E14,陈珊妮,Juvenile A,0
E14,缺省,Life In A Vacuum,0
E14,小尘埃,Little By Little,0
E14,邓小巧,No Coincidence,0
E14,Gong Gong Gong 工工工,Phantom Rhythm 幽灵节奏,2
E14,威神V WayV,Take Off (The 1st Mini Album),0
E14,谢安琪/麦浚龙,The Album And The Rest Of It,2
E14,粉红A,为艺术牺牲,3
E14,丢莱卡,健忘的平原,1
E14,全家福合唱团,全家福II,0
E14,养鸡,养鸡的梦境,0
E14,小老虎,北京吗,0
E14,张雄关,危险地带,0
E14,宫阁,即将上映,0
E14,傻子与白痴,夜长梦少,1
E14,Howie Lee,天地不仁,2
E14,吴青峰,太空人,2
E14,许哲佩,失物之城,2
E14,丁世光,实况电影,2
E14,周华健,少年,0
E14,莫宰羊,幻想曲,0
E14,倒车入库,庸人自扰,2
E14,Ice Paper,成语接龙,0
E14,梁静茹,我好吗? - 太阳如常升起,0
E14,家家,我想要的,0
E14,短裤里的诗歌,我还喜欢你,2
E14,许廷铿,拾,0
E14,鬼卞,无间,0
E14,刘柏辛,无限意识Meta Ego,0
E14,鲁向卉,时间/木马,0
E14,AR刘夫阳,校园寓言故事,0
E14,熊仔/豹子胆,梦想成真,0
E14,橘子海,浪潮上岸,2
E14,苏紫旭,混乱之子,3
E14,脏手指,滥情三部曲,0
E14,百合花,烧金蕉,3
E14,王若琳,爱的呼唤,0
E14,郑宜农,给天王星,0
E14,邱比,至繁,3
E14,发光曲线,荒野星,2
E14,魏如萱,藏着并不等于遗忘,3
E14,伍佰&China Blue,让水倒流,3
E14,杨乃文,越美丽越看不见,2
E14,郁可唯,路过人间,0
E14,群星,过春天 电影原声碟,0
E14,懒惰致富集团,飞艇计划,0
E14,陈蕾,1029,0
E15,佛跳墙,BJ肆,0
E15,Robynn & Kendy,Curations,0
E15,吉克隽逸,Global Citizen世界公民Ⅲ,0
E15,陈珊妮,Juvenile A,0
E15,缺省,Life In A Vacuum,2
E15,小尘埃,Little By Little,0
E15,邓小巧,No Coincidence,0
E15,Gong Gong Gong 工工工,Phantom Rhythm 幽灵节奏,1
E15,威神V WayV,Take Off (The 1st Mini Album),0
E15,谢安琪/麦浚龙,The Album And The Rest Of It,0
E15,粉红A,为艺术牺牲,1
E15,丢莱卡,健忘的平原,0
E15,全家福合唱团,全家福II,8
E15,养鸡,养鸡的梦境,0
E15,小老虎,北京吗,0
E15,张雄关,危险地带,1
E15,宫阁,即将上映,0
E15,傻子与白痴,夜长梦少,0
E15,Howie Lee,天地不仁,0
E15,吴青峰,太空人,3
E15,许哲佩,失物之城,0
E15,丁世光,实况电影,0
E15,周华健,少年,0
E15,莫宰羊,幻想曲,3
E15,倒车入库,庸人自扰,0
E15,Ice Paper,成语接龙,0
E15,梁静茹,我好吗? - 太阳如常升起,0
E15,家家,我想要的,0
E15,短裤里的诗歌,我还喜欢你,1
E15,许廷铿,拾,0
E15,鬼卞,无间,0
E15,刘柏辛,无限意识Meta Ego,0
E15,鲁向卉,时间/木马,0
E15,AR刘夫阳,校园寓言故事,0
E15,熊仔/豹子胆,梦想成真,0
E15,橘子海,浪潮上岸,1
E15,苏紫旭,混乱之子,0
E15,脏手指,滥情三部曲,0
E15,百合花,烧金蕉,0
E15,王若琳,爱的呼唤,0
E15,郑宜农,给天王星,1
E15,邱比,至繁,0
E15,发光曲线,荒野星,0
E15,魏如萱,藏着并不等于遗忘,1
E15,伍佰&China Blue,让水倒流,0
E15,杨乃文,越美丽越看不见,0
E15,郁可唯,路过人间,0
E15,群星,过春天 电影原声碟,0
E15,懒惰致富集团,飞艇计划,1
E15,陈蕾,1029,0
E16,佛跳墙,BJ肆,0
E16,Robynn & Kendy,Curations,0
E16,吉克隽逸,Global Citizen世界公民Ⅲ,0
E16,陈珊妮,Juvenile A,0
E16,缺省,Life In A Vacuum,0
E16,小尘埃,Little By Little,0
E16,邓小巧,No Coincidence,0
E16,Gong Gong Gong 工工工,Phantom Rhythm 幽灵节奏,0
E16,威神V WayV,Take Off (The 1st Mini Album),0
E16,谢安琪/麦浚龙,The Album And The Rest Of It,0
E16,粉红A,为艺术牺牲,2
E16,丢莱卡,健忘的平原,0
E16,全家福合唱团,全家福II,0
E16,养鸡,养鸡的梦境,0
E16,小老虎,北京吗,0
E16,张雄关,危险地带,2
E16,宫阁,即将上映,0
E16,傻子与白痴,夜长梦少,1
E16,Howie Lee,天地不仁,0
E16,吴青峰,太空人,0
E16,许哲佩,失物之城,0
E16,丁世光,实况电影,0
E16,周华健,少年,0
E16,莫宰羊,幻想曲,0
E16,倒车入库,庸人自扰,0
E16,Ice Paper,成语接龙,0
E16,梁静茹,我好吗? - 太阳如常升起,0
E16,家家,我想要的,0
E16,短裤里的诗歌,我还喜欢你,0
E16,许廷铿,拾,0
E16,鬼卞,无间,0
E16,刘柏辛,无限意识Meta Ego,0
E16,鲁向卉,时间/木马,0
E16,AR刘夫阳,校园寓言故事,0
E16,熊仔/豹子胆,梦想成真,0
E16,橘子海,浪潮上岸,2
E16,苏紫旭,混乱之子,0
E16,脏手指,滥情三部曲,0
E16,百合花,烧金蕉,2
E16,王若琳,爱的呼唤,0
E16,郑宜农,给天王星,7
E16,邱比,至繁,2
E16,发光曲线,荒野星,0
E16,魏如萱,藏着并不等于遗忘,5
E16,伍佰&China Blue,让水倒流,2
E16,杨乃文,越美丽越看不见,0
E16,郁可唯,路过人间,0
E16,群星,过春天 电影原声碟,0
E16,懒惰致富集团,飞艇计划,0
E16,陈蕾,1029,0
E17,佛跳墙,BJ肆,2
E17,Robynn & Kendy,Curations,0
E17,吉克隽逸,Global Citizen世界公民Ⅲ,0
E17,陈珊妮,Juvenile A,0
E17,缺省,Life In A Vacuum,0
E17,小尘埃,Little By Little,0
E17,邓小巧,No Coincidence,0
E17,Gong Gong Gong 工工工,Phantom Rhythm 幽灵节奏,0
E17,威神V WayV,Take Off (The 1st Mini Album),0
E17,谢安琪/麦浚龙,The Album And The Rest Of It,0
E17,粉红A,为艺术牺牲,0
E17,丢莱卡,健忘的平原,0
E17,全家福合唱团,全家福II,0
E17,养鸡,养鸡的梦境,0
E17,小老虎,北京吗,0
E17,张雄关,危险地带,0
E17,宫阁,即将上映,0
E17,傻子与白痴,夜长梦少,0
E17,Howie Lee,天地不仁,0
E17,吴青峰,太空人,0
E17,许哲佩,失物之城,1
E17,丁世光,实况电影,1
E17,周华健,少年,4
E17,莫宰羊,幻想曲,0
E17,倒车入库,庸人自扰,0
E17,Ice Paper,成语接龙,0
E17,梁静茹,我好吗? - 太阳如常升起,3
E17,家家,我想要的,0
E17,短裤里的诗歌,我还喜欢你,0
E17,许廷铿,拾,0
E17,鬼卞,无间,0
E17,刘柏辛,无限意识Meta Ego,1
E17,鲁向卉,时间/木马,0
E17,AR刘夫阳,校园寓言故事,1
E17,熊仔/豹子胆,梦想成真,2
E17,橘子海,浪潮上岸,1
E17,苏紫旭,混乱之子,0
E17,脏手指,滥情三部曲,0
E17,百合花,烧金蕉,0
E17,王若琳,爱的呼唤,3
E17,郑宜农,给天王星,0
E17,邱比,至繁,0
E17,发光曲线,荒野星,0
E17,魏如萱,藏着并不等于遗忘,4
E17,伍佰&China Blue,让水倒流,0
E17,杨乃文,越美丽越看不见,0
E17,郁可唯,路过人间,2
E17,群星,过春天 电影原声碟,0
E17,懒惰致富集团,飞艇计划,0
E17,陈蕾,1029,2
E18,佛跳墙,BJ肆,0
E18,Robynn & Kendy,Curations,0
E18,吉克隽逸,Global Citizen世界公民Ⅲ,0
E18,陈珊妮,Juvenile A,3
E18,缺省,Life In A Vacuum,1
E18,小尘埃,Little By Little,1
E18,邓小巧,No Coincidence,0
E18,Gong Gong Gong 工工工,Phantom Rhythm 幽灵节奏,2
E18,威神V WayV,Take Off (The 1st Mini Album),0
E18,谢安琪/麦浚龙,The Album And The Rest Of It,0
E18,粉红A,为艺术牺牲,0
E18,丢莱卡,健忘的平原,0
E18,全家福合唱团,全家福II,1
E18,养鸡,养鸡的梦境,0
E18,小老虎,北京吗,0
E18,张雄关,危险地带,0
E18,宫阁,即将上映,0
E18,傻子与白痴,夜长梦少,0
E18,Howie Lee,天地不仁,1
E18,吴青峰,太空人,0
E18,许哲佩,失物之城,2
E18,丁世光,实况电影,0
E18,周华健,少年,0
E18,莫宰羊,幻想曲,0
E18,倒车入库,庸人自扰,1
E18,Ice Paper,成语接龙,0
E18,梁静茹,我好吗? - 太阳如常升起,0
E18,家家,我想要的,0
E18,短裤里的诗歌,我还喜欢你,0
E18,许廷铿,拾,0
E18,鬼卞,无间,0
E18,刘柏辛,无限意识Meta Ego,0
E18,鲁向卉,时间/木马,0
E18,AR刘夫阳,校园寓言故事,3
E18,熊仔/豹子胆,梦想成真,3
E18,橘子海,浪潮上岸,0
E18,苏紫旭,混乱之子,5
E18,脏手指,滥情三部曲,0
E18,百合花,烧金蕉,3
E18,王若琳,爱的呼唤,0
E18,郑宜农,给天王星,3
E18,邱比,至繁,0
E18,发光曲线,荒野星,4
E18,魏如萱,藏着并不等于遗忘,1
E18,伍佰&China Blue,让水倒流,0
E18,杨乃文,越美丽越看不见,0
E18,郁可唯,路过人间,0
E18,群星,过春天 电影原声碟,0
E18,懒惰致富集团,飞艇计划,0
E18,陈蕾,1029,0
E19,佛跳墙,BJ肆,2
E19,Robynn & Kendy,Curations,0
E19,吉克隽逸,Global Citizen世界公民Ⅲ,2
E19,陈珊妮,Juvenile A,0
E19,缺省,Life In A Vacuum,0
E19,小尘埃,Little By Little,0
E19,邓小巧,No Coincidence,1
E19,Gong Gong Gong 工工工,Phantom Rhythm 幽灵节奏,4
E19,威神V WayV,Take Off (The 1st Mini Album),1
E19,谢安琪/麦浚龙,The Album And The Rest Of It,0
E19,粉红A,为艺术牺牲,0
E19,丢莱卡,健忘的平原,1
E19,全家福合唱团,全家福II,0
E19,养鸡,养鸡的梦境,0
E19,小老虎,北京吗,0
E19,张雄关,危险地带,0
E19,宫阁,即将上映,2
E19,傻子与白痴,夜长梦少,3
E19,Howie Lee,天地不仁,2
E19,吴青峰,太空人,4
E19,许哲佩,失物之城,0
E19,丁世光,实况电影,0
E19,周华健,少年,0
E19,莫宰羊,幻想曲,1
E19,倒车入库,庸人自扰,0
E19,Ice Paper,成语接龙,0
E19,梁静茹,我好吗? - 太阳如常升起,0
E19,家家,我想要的,0
E19,短裤里的诗歌,我还喜欢你,0
E19,许廷铿,拾,0
E19,鬼卞,无间,1
E19,刘柏辛,无限意识Meta Ego,0
E19,鲁向卉,时间/木马,0
E19,AR刘夫阳,校园寓言故事,0
E19,熊仔/豹子胆,梦想成真,0
E19,橘子海,浪潮上岸,0
E19,苏紫旭,混乱之子,2
E19,脏手指,滥情三部曲,2
E19,百合花,烧金蕉,0
E19,王若琳,爱的呼唤,0
E19,郑宜农,给天王星,0
E19,邱比,至繁,0
E19,发光曲线,荒野星,2
E19,魏如萱,藏着并不等于遗忘,2
E19,伍佰&China Blue,让水倒流,0
E19,杨乃文,越美丽越看不见,0
E19,郁可唯,路过人间,0
E19,群星,过春天 电影原声碟,0
E19,懒惰致富集团,飞艇计划,0
E19,陈蕾,1029,0
E20,佛跳墙,BJ肆,5
E20,Robynn & Kendy,Curations,0
E20,吉克隽逸,Global Citizen世界公民Ⅲ,0
E20,陈珊妮,Juvenile A,0
E20,缺省,Life In A Vacuum,2
E20,小尘埃,Little By Little,0
E20,邓小巧,No Coincidence,0
E20,Gong Gong Gong 工工工,Phantom Rhythm 幽灵节奏,0
E20,威神V WayV,Take Off (The 1st Mini Album),0
E20,谢安琪/麦浚龙,The Album And The Rest Of It,0
E20,粉红A,为艺术牺牲,0
E20,丢莱卡,健忘的平原,0
E20,全家福合唱团,全家福II,0
E20,养鸡,养鸡的梦境,0
E20,小老虎,北京吗,0
E20,张雄关,危险地带,1
E20,宫阁,即将上映,0
E20,傻子与白痴,夜长梦少,0
E20,Howie Lee,天地不仁,2
E20,吴青峰,太空人,1
E20,许哲佩,失物之城,0
E20,丁世光,实况电影,4
E20,周华健,少年,0
E20,莫宰羊,幻想曲,0
E20,倒车入库,庸人自扰,0
E20,Ice Paper,成语接龙,0
E20,梁静茹,我好吗? - 太阳如常升起,0
E20,家家,我想要的,0
E20,短裤里的诗歌,我还喜欢你,0
E20,许廷铿,拾,0
E20,鬼卞,无间,0
E20,刘柏辛,无限意识Meta Ego,4
E20,鲁向卉,时间/木马,0
E20,AR刘夫阳,校园寓言故事,0
E20,熊仔/豹子胆,梦想成真,0
E20,橘子海,浪潮上岸,2
E20,苏紫旭,混乱之子,0
E20,脏手指,滥情三部曲,0
E20,百合花,烧金蕉,0
E20,王若琳,爱的呼唤,0
E20,郑宜农,给天王星,0
E20,邱比,至繁,0
E20,发光曲线,荒野星,5
E20,魏如萱,藏着并不等于遗忘,0
E20,伍佰&China Blue,让水倒流,2
E20,杨乃文,越美丽越看不见,0
E20,郁可唯,路过人间,0
E20,群星,过春天 电影原声碟,0
E20,懒惰致富集团,飞艇计划,0
E20,陈蕾,1029,0
E21,佛跳墙,BJ肆,0
E21,Robynn & Kendy,Curations,0
E21,吉克隽逸,Global Citizen世界公民Ⅲ,0
E21,陈珊妮,Juvenile A,0
E21,缺省,Life In A Vacuum,0
E21,小尘埃,Little By Little,0
E21,邓小巧,No Coincidence,0
E21,Gong Gong Gong 工工工,Phantom Rhythm 幽灵节奏,0
E21,威神V WayV,Take Off (The 1st Mini Album),0
E21,谢安琪/麦浚龙,The Album And The Rest Of It,1
E21,粉红A,为艺术牺牲,0
E21,丢莱卡,健忘的平原,0
E21,全家福合唱团,全家福II,0
E21,养鸡,养鸡的梦境,0
E21,小老虎,北京吗,0
E21,张雄关,危险地带,0
E21,宫阁,即将上映,2
E21,傻子与白痴,夜长梦少,0
E21,Howie Lee,天地不仁,0
E21,吴青峰,太空人,2
E21,许哲佩,失物之城,0
E21,丁世光,实况电影,4
E21,周华健,少年,0
E21,莫宰羊,幻想曲,0
E21,倒车入库,庸人自扰,0
E21,Ice Paper,成语接龙,0
E21,梁静茹,我好吗? - 太阳如常升起,0
E21,家家,我想要的,0
E21,短裤里的诗歌,我还喜欢你,0
E21,许廷铿,拾,3
E21,鬼卞,无间,0
E21,刘柏辛,无限意识Meta Ego,0
E21,鲁向卉,时间/木马,1
E21,AR刘夫阳,校园寓言故事,0
E21,熊仔/豹子胆,梦想成真,0
E21,橘子海,浪潮上岸,3
E21,苏紫旭,混乱之子,0
E21,脏手指,滥情三部曲,0
E21,百合花,烧金蕉,0
E21,王若琳,爱的呼唤,0
E21,郑宜农,给天王星,3
E21,邱比,至繁,0
E21,发光曲线,荒野星,0
E21,魏如萱,藏着并不等于遗忘,2
E21,伍佰&China Blue,让水倒流,0
E21,杨乃文,越美丽越看不见,2
E21,郁可唯,路过人间,0
E21,群星,过春天 电影原声碟,0
E21,懒惰致富集团,飞艇计划,0
E21,陈蕾,1029,0
E22,佛跳墙,BJ肆,0
E22,Robynn & Kendy,Curations,0
E22,吉克隽逸,Global Citizen世界公民Ⅲ,0
E22,陈珊妮,Juvenile A,0
E22,缺省,Life In A Vacuum,0
E22,小尘埃,Little By Little,0
E22,邓小巧,No Coincidence,0
E22,Gong Gong Gong 工工工,Phantom Rhythm 幽灵节奏,2
E22,威神V WayV,Take Off (The 1st Mini Album),3
E22,谢安琪/麦浚龙,The Album And The Rest Of It,2
E22,粉红A,为艺术牺牲,0
E22,丢莱卡,健忘的平原,2
E22,全家福合唱团,全家福II,0
E22,养鸡,养鸡的梦境,2
E22,小老虎,北京吗,0
E22,张雄关,危险地带,0
E22,宫阁,即将上映,3
E22,傻子与白痴,夜长梦少,0
E22,Howie Lee,天地不仁,2
E22,吴青峰,太空人,0
E22,许哲佩,失物之城,0
E22,丁世光,实况电影,3
E22,周华健,少年,0
E22,莫宰羊,幻想曲,3
E22,倒车入库,庸人自扰,0
E22,Ice Paper,成语接龙,3
E22,梁静茹,我好吗? - 太阳如常升起,0
E22,家家,我想要的,0
E22,短裤里的诗歌,我还喜欢你,0
E22,许廷铿,拾,0
E22,鬼卞,无间,0
E22,刘柏辛,无限意识Meta Ego,2
E22,鲁向卉,时间/木马,0
E22,AR刘夫阳,校园寓言故事,0
E22,熊仔/豹子胆,梦想成真,0
E22,橘子海,浪潮上岸,0
E22,苏紫旭,混乱之子,3
E22,脏手指,滥情三部曲,3
E22,百合花,烧金蕉,3
E22,王若琳,爱的呼唤,2
E22,郑宜农,给天王星,0
E22,邱比,至繁,0
E22,发光曲线,荒野星,0
E22,魏如萱,藏着并不等于遗忘,0
E22,伍佰&China Blue,让水倒流,0
E22,杨乃文,越美丽越看不见,0
E22,郁可唯,路过人间,0
E22,群星,过春天 电影原声碟,0
E22,懒惰致富集团,飞艇计划,0
E22,陈蕾,1029,0
E23,佛跳墙,BJ肆,0
E23,Robynn & Kendy,Curations,0
E23,吉克隽逸,Global Citizen世界公民Ⅲ,0
E23,陈珊妮,Juvenile A,0
E23,缺省,Life In A Vacuum,0
E23,小尘埃,Little By Little,0
E23,邓小巧,No Coincidence,0
E23,Gong Gong Gong 工工工,Phantom Rhythm 幽灵节奏,3
E23,威神V WayV,Take Off (The 1st Mini Album),0
E23,谢安琪/麦浚龙,The Album And The Rest Of It,0
E23,粉红A,为艺术牺牲,2
E23,丢莱卡,健忘的平原,0
E23,全家福合唱团,全家福II,0
E23,养鸡,养鸡的梦境,0
E23,小老虎,北京吗,0
E23,张雄关,危险地带,0
E23,宫阁,即将上映,3
E23,傻子与白痴,夜长梦少,0
E23,Howie Lee,天地不仁,0
E23,吴青峰,太空人,0
E23,许哲佩,失物之城,0
E23,丁世光,实况电影,0
E23,周华健,少年,0
E23,莫宰羊,幻想曲,0
E23,倒车入库,庸人自扰,3
E23,Ice Paper,成语接龙,0
E23,梁静茹,我好吗? - 太阳如常升起,0
E23,家家,我想要的,0
E23,短裤里的诗歌,我还喜欢你,0
E23,许廷铿,拾,0
E23,鬼卞,无间,0
E23,刘柏辛,无限意识Meta Ego,3
E23,鲁向卉,时间/木马,0
E23,AR刘夫阳,校园寓言故事,0
E23,熊仔/豹子胆,梦想成真,0
E23,橘子海,浪潮上岸,0
E23,苏紫旭,混乱之子,4
E23,脏手指,滥情三部曲,0
E23,百合花,烧金蕉,3
E23,王若琳,爱的呼唤,0
E23,郑宜农,给天王星,0
E23,邱比,至繁,4
E23,发光曲线,荒野星,3
E23,魏如萱,藏着并不等于遗忘,0
E23,伍佰&China Blue,让水倒流,3
E23,杨乃文,越美丽越看不见,0
E23,郁可唯,路过人间,0
E23,群星,过春天 电影原声碟,0
E23,懒惰致富集团,飞艇计划,0
E23,陈蕾,1029,0
E24,佛跳墙,BJ肆,0
E24,Robynn & Kendy,Curations,1
E24,吉克隽逸,Global Citizen世界公民Ⅲ,0
E24,陈珊妮,Juvenile A,0
E24,缺省,Life In A Vacuum,0
E24,小尘埃,Little By Little,1
E24,邓小巧,No Coincidence,1
E24,Gong Gong Gong 工工工,Phantom Rhythm 幽灵节奏,0
E24,威神V WayV,Take Off (The 1st Mini Album),0
E24,谢安琪/麦浚龙,The Album And The Rest Of It,1
E24,粉红A,为艺术牺牲,0
E24,丢莱卡,健忘的平原,0
E24,全家福合唱团,全家福II,0
E24,养鸡,养鸡的梦境,0
E24,小老虎,北京吗,2
E24,张雄关,危险地带,3
E24,宫阁,即将上映,0
E24,傻子与白痴,夜长梦少,2
E24,Howie Lee,天地不仁,5
E24,吴青峰,太空人,3
E24,许哲佩,失物之城,1
E24,丁世光,实况电影,0
E24,周华健,少年,2
E24,莫宰羊,幻想曲,0
E24,倒车入库,庸人自扰,0
E24,Ice Paper,成语接龙,0
E24,梁静茹,我好吗? - 太阳如常升起,0
E24,家家,我想要的,0
E24,短裤里的诗歌,我还喜欢你,0
E24,许廷铿,拾,0
E24,鬼卞,无间,0
E24,刘柏辛,无限意识Meta Ego,0
E24,鲁向卉,时间/木马,2
E24,AR刘夫阳,校园寓言故事,0
E24,熊仔/豹子胆,梦想成真,2
E24,橘子海,浪潮上岸,0
E24,苏紫旭,混乱之子,2
E24,脏手指,滥情三部曲,0
E24,百合花,烧金蕉,3
E24,王若琳,爱的呼唤,0
E24,郑宜农,给天王星,0
E24,邱比,至繁,0
E24,发光曲线,荒野星,0
E24,魏如萱,藏着并不等于遗忘,0
E24,伍佰&China Blue,让水倒流,2
E24,杨乃文,越美丽越看不见,2
E24,郁可唯,路过人间,2
E24,群星,过春天 电影原声碟,0
E24,懒惰致富集团,飞艇计划,0
E24,陈蕾,1029,1
E25,佛跳墙,BJ肆,0
E25,Robynn & Kendy,Curations,0
E25,吉克隽逸,Global Citizen世界公民Ⅲ,0
E25,陈珊妮,Juvenile A,0
E25,缺省,Life In A Vacuum,3
E25,小尘埃,Little By Little,0
E25,邓小巧,No Coincidence,0
E25,Gong Gong Gong 工工工,Phantom Rhythm 幽灵节奏,0
E25,威神V WayV,Take Off (The 1st Mini Album),0
E25,谢安琪/麦浚龙,The Album And The Rest Of It,0
E25,粉红A,为艺术牺牲,0
E25,丢莱卡,健忘的平原,0
E25,全家福合唱团,全家福II,0
E25,养鸡,养鸡的梦境,0
E25,小老虎,北京吗,2
E25,张雄关,危险地带,2
E25,宫阁,即将上映,0
E25,傻子与白痴,夜长梦少,5
E25,Howie Lee,天地不仁,2
E25,吴青峰,太空人,2
E25,许哲佩,失物之城,0
E25,丁世光,实况电影,0
E25,周华健,少年,0
E25,莫宰羊,幻想曲,0
E25,倒车入库,庸人自扰,0
E25,Ice Paper,成语接龙,0
E25,梁静茹,我好吗? - 太阳如常升起,3
E25,家家,我想要的,1
E25,短裤里的诗歌,我还喜欢你,0
E25,许廷铿,拾,0
E25,鬼卞,无间,0
E25,刘柏辛,无限意识Meta Ego,0
E25,鲁向卉,时间/木马,0
E25,AR刘夫阳,校园寓言故事,0
E25,熊仔/豹子胆,梦想成真,4
E25,橘子海,浪潮上岸,0
E25,苏紫旭,混乱之子,2
E25,脏手指,滥情三部曲,0
E25,百合花,烧金蕉,0
E25,王若琳,爱的呼唤,0
E25,郑宜农,给天王星,0
E25,邱比,至繁,3
E25,发光曲线,荒野星,0
E25,魏如萱,藏着并不等于遗忘,0
E25,伍佰&China Blue,让水倒流,3
E25,杨乃文,越美丽越看不见,0
E25,郁可唯,路过人间,0
E25,群星,过春天 电影原声碟,0
E25,懒惰致富集团,飞艇计划,0
E25,陈蕾,1029,0
E26,佛跳墙,BJ肆,4
E26,Robynn & Kendy,Curations,0
E26,吉克隽逸,Global Citizen世界公民Ⅲ,0
E26,陈珊妮,Juvenile A,1
E26,缺省,Life In A Vacuum,0
E26,小尘埃,Little By Little,0
E26,邓小巧,No Coincidence,0
E26,Gong Gong Gong 工工工,Phantom Rhythm 幽灵节奏,0
E26,威神V WayV,Take Off (The 1st Mini Album),0
E26,谢安琪/麦浚龙,The Album And The Rest Of It,0
E26,粉红A,为艺术牺牲,0
E26,丢莱卡,健忘的平原,3
E26,全家福合唱团,全家福II,0
E26,养鸡,养鸡的梦境,0
E26,小老虎,北京吗,0
E26,张雄关,危险地带,4
E26,宫阁,即将上映,1
E26,傻子与白痴,夜长梦少,0
E26,Howie Lee,天地不仁,3
E26,吴青峰,太空人,2
E26,许哲佩,失物之城,0
E26,丁世光,实况电影,0
E26,周华健,少年,0
E26,莫宰羊,幻想曲,0
E26,倒车入库,庸人自扰,0
E26,Ice Paper,成语接龙,2
E26,梁静茹,我好吗? - 太阳如常升起,0
E26,家家,我想要的,0
E26,短裤里的诗歌,我还喜欢你,0
E26,许廷铿,拾,0
E26,鬼卞,无间,4
E26,刘柏辛,无限意识Meta Ego,2
E26,鲁向卉,时间/木马,0
E26,AR刘夫阳,校园寓言故事,0
E26,熊仔/豹子胆,梦想成真,0
E26,橘子海,浪潮上岸,0
E26,苏紫旭,混乱之子,0
E26,脏手指,滥情三部曲,0
E26,百合花,烧金蕉,2
E26,王若琳,爱的呼唤,0
E26,郑宜农,给天王星,0
E26,邱比,至繁,3
E26,发光曲线,荒野星,0
E26,魏如萱,藏着并不等于遗忘,0
E26,伍佰&China Blue,让水倒流,1
E26,杨乃文,越美丽越看不见,1
E26,郁可唯,路过人间,0
E26,群星,过春天 电影原声碟,2
E26,懒惰致富集团,飞艇计划,0
E26,陈蕾,1029,0
E27,佛跳墙,BJ肆,1
E27,Robynn & Kendy,Curations,0
E27,吉克隽逸,Global Citizen世界公民Ⅲ,0
E27,陈珊妮,Juvenile A,2
E27,缺省,Life In A Vacuum,1
E27,小尘埃,Little By Little,1
E27,邓小巧,No Coincidence,0
E27,Gong Gong Gong 工工工,Phantom Rhythm 幽灵节奏,0
E27,威神V WayV,Take Off (The 1st Mini Album),0
E27,谢安琪/麦浚龙,The Album And The Rest Of It,1
E27,粉红A,为艺术牺牲,0
E27,丢莱卡,健忘的平原,1
E27,全家福合唱团,全家福II,0
E27,养鸡,养鸡的梦境,0
E27,小老虎,北京吗,1
E27,张雄关,危险地带,0
E27,宫阁,即将上映,0
E27,傻子与白痴,夜长梦少,1
E27,Howie Lee,天地不仁,0
E27,吴青峰,太空人,3
E27,许哲佩,失物之城,2
E27,丁世光,实况电影,0
E27,周华健,少年,0
E27,莫宰羊,幻想曲,6
E27,倒车入库,庸人自扰,1
E27,Ice Paper,成语接龙,2
E27,梁静茹,我好吗? - 太阳如常升起,0
E27,家家,我想要的,0
E27,短裤里的诗歌,我还喜欢你,0
E27,许廷铿,拾,0
E27,鬼卞,无间,0
E27,刘柏辛,无限意识Meta Ego,2
E27,鲁向卉,时间/木马,1
E27,AR刘夫阳,校园寓言故事,0
E27,熊仔/豹子胆,梦想成真,0
E27,橘子海,浪潮上岸,1
E27,苏紫旭,混乱之子,1
E27,脏手指,滥情三部曲,0
E27,百合花,烧金蕉,0
E27,王若琳,爱的呼唤,3
E27,郑宜农,给天王星,0
E27,邱比,至繁,1
E27,发光曲线,荒野星,2
E27,魏如萱,藏着并不等于遗忘,3
E27,伍佰&China Blue,让水倒流,0
E27,杨乃文,越美丽越看不见,2
E27,郁可唯,路过人间,1
E27,群星,过春天 电影原声碟,0
E27,懒惰致富集团,飞艇计划,0
E27,陈蕾,1029,0
E28,佛跳墙,BJ肆,0
E28,Robynn & Kendy,Curations,0
E28,吉克隽逸,Global Citizen世界公民Ⅲ,0
E28,陈珊妮,Juvenile A,0
E28,缺省,Life In A Vacuum,0
E28,小尘埃,Little By Little,0
E28,邓小巧,No Coincidence,0
E28,Gong Gong Gong 工工工,Phantom Rhythm 幽灵节奏,0
E28,威神V WayV,Take Off (The 1st Mini Album),0
E28,谢安琪/麦浚龙,The Album And The Rest Of It,0
E28,粉红A,为艺术牺牲,0
E28,丢莱卡,健忘的平原,0
E28,全家福合唱团,全家福II,4
E28,养鸡,养鸡的梦境,0
E28,小老虎,北京吗,0
E28,张雄关,危险地带,0
E28,宫阁,即将上映,0
E28,傻子与白痴,夜长梦少,0
E28,Howie Lee,天地不仁,0
E28,吴青峰,太空人,0
E28,许哲佩,失物之城,0
E28,丁世光,实况电影,0
E28,周华健,少年,0
E28,莫宰羊,幻想曲,0
E28,倒车入库,庸人自扰,0
E28,Ice Paper,成语接龙,0
E28,梁静茹,我好吗? - 太阳如常升起,0
E28,家家,我想要的,0
E28,短裤里的诗歌,我还喜欢你,0
E28,许廷铿,拾,0
E28,鬼卞,无间,0
E28,刘柏辛,无限意识Meta Ego,0
E28,鲁向卉,时间/木马,0
E28,AR刘夫阳,校园寓言故事,0
E28,熊仔/豹子胆,梦想成真,0
E28,橘子海,浪潮上岸,0
E28,苏紫旭,混乱之子,9
E28,脏手指,滥情三部曲,0
E28,百合花,烧金蕉,0
E28,王若琳,爱的呼唤,0
E28,郑宜农,给天王星,0
E28,邱比,至繁,0
E28,发光曲线,荒野星,0
E28,魏如萱,藏着并不等于遗忘,0
E28,伍佰&China Blue,让水倒流,0
E28,杨乃文,越美丽越看不见,0
E28,郁可唯,路过人间,0
E28,群星,过春天 电影原声碟,0
E28,懒惰致富集团,飞艇计划,0
E28,陈蕾,1029,0
E29,佛跳墙,BJ肆,2
E29,Robynn & Kendy,Curations,2
E29,吉克隽逸,Global Citizen世界公民Ⅲ,0
E29,陈珊妮,Juvenile A,0
E29,缺省,Life In A Vacuum,1
E29,小尘埃,Little By Little,0
E29,邓小巧,No Coincidence,3
E29,Gong Gong Gong 工工工,Phantom Rhythm 幽灵节奏,0
E29,威神V WayV,Take Off (The 1st Mini Album),0
E29,谢安琪/麦浚龙,The Album And The Rest Of It,1
E29,粉红A,为艺术牺牲,0
E29,丢莱卡,健忘的平原,0
E29,全家福合唱团,全家福II,0
E29,养鸡,养鸡的梦境,0
E29,小老虎,北京吗,0
E29,张雄关,危险地带,0
E29,宫阁,即将上映,2
E29,傻子与白痴,夜长梦少,2
E29,Howie Lee,天地不仁,0
E29,吴青峰,太空人,0
E29,许哲佩,失物之城,1
E29,丁世光,实况电影,1
E29,周华健,少年,0
E29,莫宰羊,幻想曲,3
E29,倒车入库,庸人自扰,0
E29,Ice Paper,成语接龙,2
E29,梁静茹,我好吗? - 太阳如常升起,0
E29,家家,我想要的,1
E29,短裤里的诗歌,我还喜欢你,0
E29,许廷铿,拾,0
E29,鬼卞,无间,2
E29,刘柏辛,无限意识Meta Ego,2
E29,鲁向卉,时间/木马,0
E29,AR刘夫阳,校园寓言故事,0
E29,熊仔/豹子胆,梦想成真,1
E29,橘子海,浪潮上岸,1
E29,苏紫旭,混乱之子,0
E29,脏手指,滥情三部曲,0
E29,百合花,烧金蕉,0
E29,王若琳,爱的呼唤,0
E29,郑宜农,给天王星,0
E29,邱比,至繁,3
E29,发光曲线,荒野星,1
E29,魏如萱,藏着并不等于遗忘,0
E29,伍佰&China Blue,让水倒流,2
E29,杨乃文,越美丽越看不见,0
E29,郁可唯,路过人间,1
E29,群星,过春天 电影原声碟,1
E29,懒惰致富集团,飞艇计划,0
E29,陈蕾,1029,2
E30,佛跳墙,BJ肆,1
E30,Robynn & Kendy,Curations,0
E30,吉克隽逸,Global Citizen世界公民Ⅲ,0
E30,陈珊妮,Juvenile A,0
E30,缺省,Life In A Vacuum,0
E30,小尘埃,Little By Little,0
E30,邓小巧,No Coincidence,0
E30,Gong Gong Gong 工工工,Phantom Rhythm 幽灵节奏,0
E30,威神V WayV,Take Off (The 1st Mini Album),0
E30,谢安琪/麦浚龙,The Album And The Rest Of It,1
E30,粉红A,为艺术牺牲,0
E30,丢莱卡,健忘的平原,0
E30,全家福合唱团,全家福II,0
E30,养鸡,养鸡的梦境,0
E30,小老虎,北京吗,0
E30,张雄关,危险地带,0
E30,宫阁,即将上映,0
E30,傻子与白痴,夜长梦少,4
E30,Howie Lee,天地不仁,0
E30,吴青峰,太空人,0
E30,许哲佩,失物之城,0
E30,丁世光,实况电影,0
E30,周华健,少年,0
E30,莫宰羊,幻想曲,5
E30,倒车入库,庸人自扰,0
E30,Ice Paper,成语接龙,0
E30,梁静茹,我好吗? - 太阳如常升起,1
E30,家家,我想要的,0
E30,短裤里的诗歌,我还喜欢你,0
E30,许廷铿,拾,0
E30,鬼卞,无间,0
E30,刘柏辛,无限意识Meta Ego,5
E30,鲁向卉,时间/木马,3
E30,AR刘夫阳,校园寓言故事,2
E30,熊仔/豹子胆,梦想成真,0
E30,橘子海,浪潮上岸,0
E30,苏紫旭,混乱之子,0
E30,脏手指,滥情三部曲,0
E30,百合花,烧金蕉,0
E30,王若琳,爱的呼唤,0
E30,郑宜农,给天王星,0
E30,邱比,至繁,0
E30,发光曲线,荒野星,0
E30,魏如萱,藏着并不等于遗忘,0
E30,伍佰&China Blue,让水倒流,0
E30,杨乃文,越美丽越看不见,4
E30,郁可唯,路过人间,0
E30,群星,过春天 电影原声碟,0
E30,懒惰致富集团,飞艇计划,0
E30,陈蕾,1029,0
E31,佛跳墙,BJ肆,0
E31,Robynn & Kendy,Curations,0
E31,吉克隽逸,Global Citizen世界公民Ⅲ,0
E31,陈珊妮,Juvenile A,3
E31,缺省,Life In A Vacuum,0
E31,小尘埃,Little By Little,0
E31,邓小巧,No Coincidence,0
E31,Gong Gong Gong 工工工,Phantom Rhythm 幽灵节奏,1
E31,威神V WayV,Take Off (The 1st Mini Album),1
E31,谢安琪/麦浚龙,The Album And The Rest Of It,0
E31,粉红A,为艺术牺牲,0
E31,丢莱卡,健忘的平原,0
E31,全家福合唱团,全家福II,0
E31,养鸡,养鸡的梦境,0
E31,小老虎,北京吗,0
E31,张雄关,危险地带,0
E31,宫阁,即将上映,3
E31,傻子与白痴,夜长梦少,0
E31,Howie Lee,天地不仁,0
E31,吴青峰,太空人,2
E31,许哲佩,失物之城,0
E31,丁世光,实况电影,0
E31,周华健,少年,2
E31,莫宰羊,幻想曲,0
E31,倒车入库,庸人自扰,1
E31,Ice Paper,成语接龙,0
E31,梁静茹,我好吗? - 太阳如常升起,0
E31,家家,我想要的,0
E31,短裤里的诗歌,我还喜欢你,0
E31,许廷铿,拾,0
E31,鬼卞,无间,0
E31,刘柏辛,无限意识Meta Ego,0
E31,鲁向卉,时间/木马,0
E31,AR刘夫阳,校园寓言故事,0
E31,熊仔/豹子胆,梦想成真,0
E31,橘子海,浪潮上岸,3
E31,苏紫旭,混乱之子,0
E31,脏手指,滥情三部曲,0
E31,百合花,烧金蕉,0
E31,王若琳,爱的呼唤,2
E31,郑宜农,给天王星,0
E31,邱比,至繁,0
E31,发光曲线,荒野星,4
E31,魏如萱,藏着并不等于遗忘,0
E31,伍佰&China Blue,让水倒流,2
E31,杨乃文,越美丽越看不见,3
E31,郁可唯,路过人间,0
E31,群星,过春天 电影原声碟,1
E31,懒惰致富集团,飞艇计划,0
E31,陈蕾,1029,0
E32,佛跳墙,BJ肆,3
E32,Robynn & Kendy,Curations,0
E32,吉克隽逸,Global Citizen世界公民Ⅲ,0
E32,陈珊妮,Juvenile A,0
E32,缺省,Life In A Vacuum,0
E32,小尘埃,Little By Little,0
E32,邓小巧,No Coincidence,0
E32,Gong Gong Gong 工工工,Phantom Rhythm 幽灵节奏,0
E32,威神V WayV,Take Off (The 1st Mini Album),0
E32,谢安琪/麦浚龙,The Album And The Rest Of It,0
E32,粉红A,为艺术牺牲,0
E32,丢莱卡,健忘的平原,0
E32,全家福合唱团,全家福II,4
E32,养鸡,养鸡的梦境,0
E32,小老虎,北京吗,0
E32,张雄关,危险地带,0
E32,宫阁,即将上映,0
E32,傻子与白痴,夜长梦少,0
E32,Howie Lee,天地不仁,0
E32,吴青峰,太空人,2
E32,许哲佩,失物之城,0
E32,丁世光,实况电影,1
E32,周华健,少年,0
E32,莫宰羊,幻想曲,2
E32,倒车入库,庸人自扰,0
E32,Ice Paper,成语接龙,2
E32,梁静茹,我好吗? - 太阳如常升起,0
E32,家家,我想要的,0
E32,短裤里的诗歌,我还喜欢你,0
E32,许廷铿,拾,0
E32,鬼卞,无间,0
E32,刘柏辛,无限意识Meta Ego,0
E32,鲁向卉,时间/木马,0
E32,AR刘夫阳,校园寓言故事,0
E32,熊仔/豹子胆,梦想成真,0
E32,橘子海,浪潮上岸,0
E32,苏紫旭,混乱之子,5
E32,脏手指,滥情三部曲,2
E32,百合花,烧金蕉,0
E32,王若琳,爱的呼唤,0
E32,郑宜农,给天王星,0
E32,邱比,至繁,4
E32,发光曲线,荒野星,1
E32,魏如萱,藏着并不等于遗忘,0
E32,伍佰&China Blue,让水倒流,1
E32,杨乃文,越美丽越看不见,0
E32,郁可唯,路过人间,0
E32,群星,过春天 电影原声碟,3
E32,懒惰致富集团,飞艇计划,0
E32,陈蕾,1029,0
E33,佛跳墙,BJ肆,0
E33,Robynn & Kendy,Curations,0
E33,吉克隽逸,Global Citizen世界公民Ⅲ,0
E33,陈珊妮,Juvenile A,0
E33,缺省,Life In A Vacuum,1
E33,小尘埃,Little By Little,1
E33,邓小巧,No Coincidence,0
E33,Gong Gong Gong 工工工,Phantom Rhythm 幽灵节奏,0
E33,威神V WayV,Take Off (The 1st Mini Album),0
E33,谢安琪/麦浚龙,The Album And The Rest Of It,0
E33,粉红A,为艺术牺牲,2
E33,丢莱卡,健忘的平原,1
E33,全家福合唱团,全家福II,1
E33,养鸡,养鸡的梦境,1
E33,小老虎,北京吗,2
E33,张雄关,危险地带,3
E33,宫阁,即将上映,0
E33,傻子与白痴,夜长梦少,0
E33,Howie Lee,天地不仁,5
E33,吴青峰,太空人,1
E33,许哲佩,失物之城,0
E33,丁世光,实况电影,0
E33,周华健,少年,0
E33,莫宰羊,幻想曲,0
E33,倒车入库,庸人自扰,2
E33,Ice Paper,成语接龙,1
E33,梁静茹,我好吗? - 太阳如常升起,0
E33,家家,我想要的,0
E33,短裤里的诗歌,我还喜欢你,0
E33,许廷铿,拾,0
E33,鬼卞,无间,0
E33,刘柏辛,无限意识Meta Ego,2
E33,鲁向卉,时间/木马,0
E33,AR刘夫阳,校园寓言故事,2
E33,熊仔/豹子胆,梦想成真,2
E33,橘子海,浪潮上岸,1
E33,苏紫旭,混乱之子,2
E33,脏手指,滥情三部曲,1
E33,百合花,烧金蕉,4
E33,王若琳,爱的呼唤,0
E33,郑宜农,给天王星,0
E33,邱比,至繁,2
E33,发光曲线,荒野星,2
E33,魏如萱,藏着并不等于遗忘,0
E33,伍佰&China Blue,让水倒流,0
E33,杨乃文,越美丽越看不见,1
E33,郁可唯,路过人间,0
E33,群星,过春天 电影原声碟,1
E33,懒惰致富集团,飞艇计划,0
E33,陈蕾,1029,0
E34,佛跳墙,BJ肆,2
E34,Robynn & Kendy,Curations,0
E34,吉克隽逸,Global Citizen世界公民Ⅲ,0
E34,陈珊妮,Juvenile A,0
E34,缺省,Life In A Vacuum,0
E34,小尘埃,Little By Little,0
E34,邓小巧,No Coincidence,0
E34,Gong Gong Gong 工工工,Phantom Rhythm 幽灵节奏,0
E34,威神V WayV,Take Off (The 1st Mini Album),0
E34,谢安琪/麦浚龙,The Album And The Rest Of It,0
E34,粉红A,为艺术牺牲,0
E34,丢莱卡,健忘的平原,0
E34,全家福合唱团,全家福II,0
E34,养鸡,养鸡的梦境,0
E34,小老虎,北京吗,0
E34,张雄关,危险地带,0
E34,宫阁,即将上映,1
E34,傻子与白痴,夜长梦少,2
E34,Howie Lee,天地不仁,0
E34,吴青峰,太空人,1
E34,许哲佩,失物之城,0
E34,丁世光,实况电影,0
E34,周华健,少年,1
E34,莫宰羊,幻想曲,0
E34,倒车入库,庸人自扰,4
E34,Ice Paper,成语接龙,0
E34,梁静茹,我好吗? - 太阳如常升起,0
E34,家家,我想要的,0
E34,短裤里的诗歌,我还喜欢你,0
E34,许廷铿,拾,0
E34,鬼卞,无间,0
E34,刘柏辛,无限意识Meta Ego,0
E34,鲁向卉,时间/木马,0
E34,AR刘夫阳,校园寓言故事,0
E34,熊仔/豹子胆,梦想成真,0
E34,橘子海,浪潮上岸,3
E34,苏紫旭,混乱之子,0
E34,脏手指,滥情三部曲,0
E34,百合花,烧金蕉,2
E34,王若琳,爱的呼唤,0
E34,郑宜农,给天王星,3
E34,邱比,至繁,0
E34,发光曲线,荒野星,0
E34,魏如萱,藏着并不等于遗忘,3
E34,伍佰&China Blue,让水倒流,2
E34,杨乃文,越美丽越看不见,0
E34,郁可唯,路过人间,1
E34,群星,过春天 电影原声碟,0
E34,懒惰致富集团,飞艇计划,0
E34,陈蕾,1029,0
E35,佛跳墙,BJ肆,1
E35,Robynn & Kendy,Curations,3
E35,吉克隽逸,Global Citizen世界公民Ⅲ,0
E35,陈珊妮,Juvenile A,2
E35,缺省,Life In A Vacuum,0
E35,小尘埃,Little By Little,3
E35,邓小巧,No Coincidence,2
E35,Gong Gong Gong 工工工,Phantom Rhythm 幽灵节奏,0
E35,威神V WayV,Take Off (The 1st Mini Album),0
E35,谢安琪/麦浚龙,The Album And The Rest Of It,4
E35,粉红A,为艺术牺牲,1
E35,丢莱卡,健忘的平原,0
E35,全家福合唱团,全家福II,0
E35,养鸡,养鸡的梦境,1
E35,小老虎,北京吗,0
E35,张雄关,危险地带,0
E35,宫阁,即将上映,1
E35,傻子与白痴,夜长梦少,1
E35,Howie Lee,天地不仁,1
E35,吴青峰,太空人,1
E35,许哲佩,失物之城,0
E35,丁世光,实况电影,0
E35,周华健,少年,4
E35,莫宰羊,幻想曲,0
E35,倒车入库,庸人自扰,0
E35,Ice Paper,成语接龙,1
E35,梁静茹,我好吗? - 太阳如常升起,2
E35,家家,我想要的,0
E35,短裤里的诗歌,我还喜欢你,0
E35,许廷铿,拾,2
E35,鬼卞,无间,0
E35,刘柏辛,无限意识Meta Ego,2
E35,鲁向卉,时间/木马,0
E35,AR刘夫阳,校园寓言故事,0
E35,熊仔/豹子胆,梦想成真,0
E35,橘子海,浪潮上岸,1
E35,苏紫旭,混乱之子,0
E35,脏手指,滥情三部曲,0
E35,百合花,烧金蕉,0
E35,王若琳,爱的呼唤,0
E35,郑宜农,给天王星,0
E35,邱比,至繁,2
E35,发光曲线,荒野星,0
E35,魏如萱,藏着并不等于遗忘,2
E35,伍佰&China Blue,让水倒流,1
E35,杨乃文,越美丽越看不见,2
E35,郁可唯,路过人间,0
E35,群星,过春天 电影原声碟,0
E35,懒惰致富集团,飞艇计划,0
E35,陈蕾,1029,2
E36,佛跳墙,BJ肆,0
E36,Robynn & Kendy,Curations,2
E36,吉克隽逸,Global Citizen世界公民Ⅲ,0
E36,陈珊妮,Juvenile A,0
E36,缺省,Life In A Vacuum,2
E36,小尘埃,Little By Little,0
E36,邓小巧,No Coincidence,0
E36,Gong Gong Gong 工工工,Phantom Rhythm 幽灵节奏,1
E36,威神V WayV,Take Off (The 1st Mini Album),0
E36,谢安琪/麦浚龙,The Album And The Rest Of It,0
E36,粉红A,为艺术牺牲,4
E36,丢莱卡,健忘的平原,0
E36,全家福合唱团,全家福II,0
E36,养鸡,养鸡的梦境,2
E36,小老虎,北京吗,4
E36,张雄关,危险地带,1
E36,宫阁,即将上映,1
E36,傻子与白痴,夜长梦少,1
E36,Howie Lee,天地不仁,2
E36,吴青峰,太空人,1
E36,许哲佩,失物之城,2
E36,丁世光,实况电影,2
E36,周华健,少年,0
E36,莫宰羊,幻想曲,0
E36,倒车入库,庸人自扰,2
E36,Ice Paper,成语接龙,0
E36,梁静茹,我好吗? - 太阳如常升起,1
E36,家家,我想要的,0
E36,短裤里的诗歌,我还喜欢你,0
E36,许廷铿,拾,0
E36,鬼卞,无间,0
E36,刘柏辛,无限意识Meta Ego,0
E36,鲁向卉,时间/木马,0
E36,AR刘夫阳,校园寓言故事,0
E36,熊仔/豹子胆,梦想成真,0
E36,橘子海,浪潮上岸,0
E36,苏紫旭,混乱之子,0
E36,脏手指,滥情三部曲,4
E36,百合花,烧金蕉,0
E36,王若琳,爱的呼唤,0
E36,郑宜农,给天王星,0
E36,邱比,至繁,0
E36,发光曲线,荒野星,3
E36,魏如萱,藏着并不等于遗忘,0
E36,伍佰&China Blue,让水倒流,0
E36,杨乃文,越美丽越看不见,0
E36,郁可唯,路过人间,2
E36,群星,过春天 电影原声碟,1
E36,懒惰致富集团,飞艇计划,0
E36,陈蕾,1029,0
E37,佛跳墙,BJ肆,0
E37,Robynn & Kendy,Curations,0
E37,吉克隽逸,Global Citizen世界公民Ⅲ,0
E37,陈珊妮,Juvenile A,0
E37,缺省,Life In A Vacuum,0
E37,小尘埃,Little By Little,0
E37,邓小巧,No Coincidence,0
E37,Gong Gong Gong 工工工,Phantom Rhythm 幽灵节奏,0
E37,威神V WayV,Take Off (The 1st Mini Album),0
E37,谢安琪/麦浚龙,The Album And The Rest Of It,0
E37,粉红A,为艺术牺牲,0
E37,丢莱卡,健忘的平原,0
E37,全家福合唱团,全家福II,1
E37,养鸡,养鸡的梦境,0
E37,小老虎,北京吗,0
E37,张雄关,危险地带,0
E37,宫阁,即将上映,0
E37,傻子与白痴,夜长梦少,1
E37,Howie Lee,天地不仁,0
E37,吴青峰,太空人,0
E37,许哲佩,失物之城,0
E37,丁世光,实况电影,0
E37,周华健,少年,0
E37,莫宰羊,幻想曲,1
E37,倒车入库,庸人自扰,2
E37,Ice Paper,成语接龙,0
E37,梁静茹,我好吗? - 太阳如常升起,0
E37,家家,我想要的,0
E37,短裤里的诗歌,我还喜欢你,0
E37,许廷铿,拾,0
E37,鬼卞,无间,0
E37,刘柏辛,无限意识Meta Ego,0
E37,鲁向卉,时间/木马,0
E37,AR刘夫阳,校园寓言故事,1
E37,熊仔/豹子胆,梦想成真,0
E37,橘子海,浪潮上岸,0
E37,苏紫旭,混乱之子,1
E37,脏手指,滥情三部曲,1
E37,百合花,烧金蕉,0
E37,王若琳,爱的呼唤,2
E37,郑宜农,给天王星,0
E37,邱比,至繁,0
E37,发光曲线,荒野星,2
E37,魏如萱,藏着并不等于遗忘,1
E37,伍佰&China Blue,让水倒流,4
E37,杨乃文,越美丽越看不见,0
E37,郁可唯,路过人间,0
E37,群星,过春天 电影原声碟,0
E37,懒惰致富集团,飞艇计划,0
E37,陈蕾,1029,0
E38,佛跳墙,BJ肆,2
E38,Robynn & Kendy,Curations,0
E38,吉克隽逸,Global Citizen世界公民Ⅲ,0
E38,陈珊妮,Juvenile A,1
E38,缺省,Life In A Vacuum,0
E38,小尘埃,Little By Little,0
E38,邓小巧,No Coincidence,0
E38,Gong Gong Gong 工工工,Phantom Rhythm 幽灵节奏,0
E38,威神V WayV,Take Off (The 1st Mini Album),0
E38,谢安琪/麦浚龙,The Album And The Rest Of It,0
E38,粉红A,为艺术牺牲,0
E38,丢莱卡,健忘的平原,0
E38,全家福合唱团,全家福II,2
E38,养鸡,养鸡的梦境,0
E38,小老虎,北京吗,0
E38,张雄关,危险地带,2
E38,宫阁,即将上映,0
E38,傻子与白痴,夜长梦少,0
E38,Howie Lee,天地不仁,0
E38,吴青峰,太空人,0
E38,许哲佩,失物之城,0
E38,丁世光,实况电影,0
E38,周华健,少年,0
E38,莫宰羊,幻想曲,0
E38,倒车入库,庸人自扰,0
E38,Ice Paper,成语接龙,0
E38,梁静茹,我好吗? - 太阳如常升起,1
E38,家家,我想要的,0
E38,短裤里的诗歌,我还喜欢你,0
E38,许廷铿,拾,0
E38,鬼卞,无间,0
E38,刘柏辛,无限意识Meta Ego,0
E38,鲁向卉,时间/木马,0
E38,AR刘夫阳,校园寓言故事,0
E38,熊仔/豹子胆,梦想成真,0
E38,橘子海,浪潮上岸,0
E38,苏紫旭,混乱之子,9
E38,脏手指,滥情三部曲,0
E38,百合花,烧金蕉,0
E38,王若琳,爱的呼唤,1
E38,郑宜农,给天王星,0
E38,邱比,至繁,2
E38,发光曲线,荒野星,0
E38,魏如萱,藏着并不等于遗忘,0
E38,伍佰&China Blue,让水倒流,0
E38,杨乃文,越美丽越看不见,0
E38,郁可唯,路过人间,0
E38,群星,过春天 电影原声碟,0
E38,懒惰致富集团,飞艇计划,0
E38,陈蕾,1029,0
E39,佛跳墙,BJ肆,1
E39,Robynn & Kendy,Curations,0
E39,吉克隽逸,Global Citizen世界公民Ⅲ,0
E39,陈珊妮,Juvenile A,2
E39,缺省,Life In A Vacuum,0
E39,小尘埃,Little By Little,0
E39,邓小巧,No Coincidence,0
E39,Gong Gong Gong 工工工,Phantom Rhythm 幽灵节奏,0
E39,威神V WayV,Take Off (The 1st Mini Album),0
E39,谢安琪/麦浚龙,The Album And The Rest Of It,0
E39,粉红A,为艺术牺牲,0
E39,丢莱卡,健忘的平原,0
E39,全家福合唱团,全家福II,0
E39,养鸡,养鸡的梦境,0
E39,小老虎,北京吗,1
E39,张雄关,危险地带,0
E39,宫阁,即将上映,2
E39,傻子与白痴,夜长梦少,2
E39,Howie Lee,天地不仁,0
E39,吴青峰,太空人,1
E39,许哲佩,失物之城,1
E39,丁世光,实况电影,3
E39,周华健,少年,3
E39,莫宰羊,幻想曲,0
E39,倒车入库,庸人自扰,0
E39,Ice Paper,成语接龙,1
E39,梁静茹,我好吗? - 太阳如常升起,0
E39,家家,我想要的,2
E39,短裤里的诗歌,我还喜欢你,0
E39,许廷铿,拾,0
E39,鬼卞,无间,1
E39,刘柏辛,无限意识Meta Ego,2
E39,鲁向卉,时间/木马,0
E39,AR刘夫阳,校园寓言故事,0
E39,熊仔/豹子胆,梦想成真,0
E39,橘子海,浪潮上岸,3
E39,苏紫旭,混乱之子,2
E39,脏手指,滥情三部曲,0
E39,百合花,烧金蕉,0
E39,王若琳,爱的呼唤,0
E39,郑宜农,给天王星,0
E39,邱比,至繁,2
E39,发光曲线,荒野星,2
E39,魏如萱,藏着并不等于遗忘,1
E39,伍佰&China Blue,让水倒流,3
E39,杨乃文,越美丽越看不见,0
E39,郁可唯,路过人间,2
E39,群星,过春天 电影原声碟,0
E39,懒惰致富集团,飞艇计划,0
E39,陈蕾,1029,0
E40,佛跳墙,BJ肆,1
E40,Robynn & Kendy,Curations,0
E40,吉克隽逸,Global Citizen世界公民Ⅲ,0
E40,陈珊妮,Juvenile A,0
E40,缺省,Life In A Vacuum,2
E40,小尘埃,Little By Little,0
E40,邓小巧,No Coincidence,0
E40,Gong Gong Gong 工工工,Phantom Rhythm 幽灵节奏,0
E40,威神V WayV,Take Off (The 1st Mini Album),0
E40,谢安琪/麦浚龙,The Album And The Rest Of It,0
E40,粉红A,为艺术牺牲,0
E40,丢莱卡,健忘的平原,3
E40,全家福合唱团,全家福II,0
E40,养鸡,养鸡的梦境,0
E40,小老虎,北京吗,0
E40,张雄关,危险地带,2
E40,宫阁,即将上映,0
E40,傻子与白痴,夜长梦少,2
E40,Howie Lee,天地不仁,0
E40,吴青峰,太空人,1
E40,许哲佩,失物之城,0
E40,丁世光,实况电影,0
E40,周华健,少年,0
E40,莫宰羊,幻想曲,0
E40,倒车入库,庸人自扰,3
E40,Ice Paper,成语接龙,0
E40,梁静茹,我好吗? - 太阳如常升起,0
E40,家家,我想要的,2
E40,短裤里的诗歌,我还喜欢你,4
E40,许廷铿,拾,0
E40,鬼卞,无间,0
E40,刘柏辛,无限意识Meta Ego,0
E40,鲁向卉,时间/木马,0
E40,AR刘夫阳,校园寓言故事,0
E40,熊仔/豹子胆,梦想成真,0
E40,橘子海,浪潮上岸,2
E40,苏紫旭,混乱之子,2
E40,脏手指,滥情三部曲,3
E40,百合花,烧金蕉,0
E40,王若琳,爱的呼唤,0
E40,郑宜农,给天王星,0
E40,邱比,至繁,0
E40,发光曲线,荒野星,3
E40,魏如萱,藏着并不等于遗忘,0
E40,伍佰&China Blue,让水倒流,2
E40,杨乃文,越美丽越看不见,2
E40,郁可唯,路过人间,0
E40,群星,过春天 电影原声碟,0
E40,懒惰致富集团,飞艇计划,0
E40,陈蕾,1029,0
E41,佛跳墙,BJ肆,0
E41,Robynn & Kendy,Curations,2
E41,吉克隽逸,Global Citizen世界公民Ⅲ,0
E41,陈珊妮,Juvenile A,0
E41,缺省,Life In A Vacuum,0
E41,小尘埃,Little By Little,0
E41,邓小巧,No Coincidence,0
E41,Gong Gong Gong 工工工,Phantom Rhythm 幽灵节奏,0
E41,威神V WayV,Take Off (The 1st Mini Album),0
E41,谢安琪/麦浚龙,The Album And The Rest Of It,0
E41,粉红A,为艺术牺牲,0
E41,丢莱卡,健忘的平原,0
E41,全家福合唱团,全家福II,3
E41,养鸡,养鸡的梦境,5
E41,小老虎,北京吗,0
E41,张雄关,危险地带,0
E41,宫阁,即将上映,0
E41,傻子与白痴,夜长梦少,0
E41,Howie Lee,天地不仁,5
E41,吴青峰,太空人,0
E41,许哲佩,失物之城,0
E41,丁世光,实况电影,0
E41,周华健,少年,0
E41,莫宰羊,幻想曲,0
E41,倒车入库,庸人自扰,0
E41,Ice Paper,成语接龙,0
E41,梁静茹,我好吗? - 太阳如常升起,0
E41,家家,我想要的,0
E41,短裤里的诗歌,我还喜欢你,0
E41,许廷铿,拾,0
E41,鬼卞,无间,0
E41,刘柏辛,无限意识Meta Ego,2
E41,鲁向卉,时间/木马,0
E41,AR刘夫阳,校园寓言故事,0
E41,熊仔/豹子胆,梦想成真,2
E41,橘子海,浪潮上岸,0
E41,苏紫旭,混乱之子,0
E41,脏手指,滥情三部曲,0
E41,百合花,烧金蕉,3
E41,王若琳,爱的呼唤,4
E41,郑宜农,给天王星,0
E41,邱比,至繁,0
E41,发光曲线,荒野星,0
E41,魏如萱,藏着并不等于遗忘,2
E41,伍佰&China Blue,让水倒流,0
E41,杨乃文,越美丽越看不见,0
E41,郁可唯,路过人间,0
E41,群星,过春天 电影原声碟,0
E41,懒惰致富集团,飞艇计划,0
E41,陈蕾,1029,0
E42,佛跳墙,BJ肆,0
E42,Robynn & Kendy,Curations,0
E42,吉克隽逸,Global Citizen世界公民Ⅲ,0
E42,陈珊妮,Juvenile A,0
E42,缺省,Life In A Vacuum,0
E42,小尘埃,Little By Little,0
E42,邓小巧,No Coincidence,0
E42,Gong Gong Gong 工工工,Phantom Rhythm 幽灵节奏,0
E42,威神V WayV,Take Off (The 1st Mini Album),0
E42,谢安琪/麦浚龙,The Album And The Rest Of It,0
E42,粉红A,为艺术牺牲,0
E42,丢莱卡,健忘的平原,0
E42,全家福合唱团,全家福II,0
E42,养鸡,养鸡的梦境,0
E42,小老虎,北京吗,0
E42,张雄关,危险地带,6
E42,宫阁,即将上映,0
E42,傻子与白痴,夜长梦少,0
E42,Howie Lee,天地不仁,7
E42,吴青峰,太空人,0
E42,许哲佩,失物之城,0
E42,丁世光,实况电影,0
E42,周华健,少年,0
E42,莫宰羊,幻想曲,0
E42,倒车入库,庸人自扰,0
E42,Ice Paper,成语接龙,1
E42,梁静茹,我好吗? - 太阳如常升起,0
E42,家家,我想要的,0
E42,短裤里的诗歌,我还喜欢你,0
E42,许廷铿,拾,0
E42,鬼卞,无间,0
E42,刘柏辛,无限意识Meta Ego,3
E42,鲁向卉,时间/木马,0
E42,AR刘夫阳,校园寓言故事,2
E42,熊仔/豹子胆,梦想成真,0
E42,橘子海,浪潮上岸,1
E42,苏紫旭,混乱之子,0
E42,脏手指,滥情三部曲,0
E42,百合花,烧金蕉,0
E42,王若琳,爱的呼唤,0
E42,郑宜农,给天王星,0
E42,邱比,至繁,0
E42,发光曲线,荒野星,0
E42,魏如萱,藏着并不等于遗忘,0
E42,伍佰&China Blue,让水倒流,0
E42,杨乃文,越美丽越看不见,0
E42,郁可唯,路过人间,0
E42,群星,过春天 电影原声碟,0
E42,懒惰致富集团,飞艇计划,0
E42,陈蕾,1029,0
E43,佛跳墙,BJ肆,3
E43,Robynn & Kendy,Curations,0
E43,吉克隽逸,Global Citizen世界公民Ⅲ,0
E43,陈珊妮,Juvenile A,0
E43,缺省,Life In A Vacuum,0
E43,小尘埃,Little By Little,0
E43,邓小巧,No Coincidence,0
E43,Gong Gong Gong 工工工,Phantom Rhythm 幽灵节奏,0
E43,威神V WayV,Take Off (The 1st Mini Album),0
E43,谢安琪/麦浚龙,The Album And The Rest Of It,0
E43,粉红A,为艺术牺牲,0
E43,丢莱卡,健忘的平原,0
E43,全家福合唱团,全家福II,0
E43,养鸡,养鸡的梦境,0
E43,小老虎,北京吗,0
E43,张雄关,危险地带,0
E43,宫阁,即将上映,3
E43,傻子与白痴,夜长梦少,0
E43,Howie Lee,天地不仁,0
E43,吴青峰,太空人,0
E43,许哲佩,失物之城,7
E43,丁世光,实况电影,0
E43,周华健,少年,0
E43,莫宰羊,幻想曲,0
E43,倒车入库,庸人自扰,0
E43,Ice Paper,成语接龙,0
E43,梁静茹,我好吗? - 太阳如常升起,0
E43,家家,我想要的,3
E43,短裤里的诗歌,我还喜欢你,0
E43,许廷铿,拾,0
E43,鬼卞,无间,0
E43,刘柏辛,无限意识Meta Ego,3
E43,鲁向卉,时间/木马,0
E43,AR刘夫阳,校园寓言故事,2
E43,熊仔/豹子胆,梦想成真,1
E43,橘子海,浪潮上岸,0
E43,苏紫旭,混乱之子,0
E43,脏手指,滥情三部曲,0
E43,百合花,烧金蕉,0
E43,王若琳,爱的呼唤,0
E43,郑宜农,给天王星,0
E43,邱比,至繁,1
E43,发光曲线,荒野星,0
E43,魏如萱,藏着并不等于遗忘,3
E43,伍佰&China Blue,让水倒流,0
E43,杨乃文,越美丽越看不见,0
E43,郁可唯,路过人间,0
E43,群星,过春天 电影原声碟,0
E43,懒惰致富集团,飞艇计划,0
E43,陈蕾,1029,0
E44,佛跳墙,BJ肆,0
E44,Robynn & Kendy,Curations,2
E44,吉克隽逸,Global Citizen世界公民Ⅲ,0
E44,陈珊妮,Juvenile A,0
E44,缺省,Life In A Vacuum,2
E44,小尘埃,Little By Little,0
E44,邓小巧,No Coincidence,0
E44,Gong Gong Gong 工工工,Phantom Rhythm 幽灵节奏,1
E44,威神V WayV,Take Off (The 1st Mini Album),0
E44,谢安琪/麦浚龙,The Album And The Rest Of It,0
E44,粉红A,为艺术牺牲,0
E44,丢莱卡,健忘的平原,0
E44,全家福合唱团,全家福II,0
E44,养鸡,养鸡的梦境,0
E44,小老虎,北京吗,0
E44,张雄关,危险地带,3
E44,宫阁,即将上映,3
E44,傻子与白痴,夜长梦少,3
E44,Howie Lee,天地不仁,2
E44,吴青峰,太空人,3
E44,许哲佩,失物之城,0
E44,丁世光,实况电影,3
E44,周华健,少年,0
E44,莫宰羊,幻想曲,0
E44,倒车入库,庸人自扰,0
E44,Ice Paper,成语接龙,3
E44,梁静茹,我好吗? - 太阳如常升起,2
E44,家家,我想要的,0
E44,短裤里的诗歌,我还喜欢你,0
E44,许廷铿,拾,0
E44,鬼卞,无间,0
E44,刘柏辛,无限意识Meta Ego,3
E44,鲁向卉,时间/木马,0
E44,AR刘夫阳,校园寓言故事,0
E44,熊仔/豹子胆,梦想成真,0
E44,橘子海,浪潮上岸,0
E44,苏紫旭,混乱之子,3
E44,脏手指,滥情三部曲,0
E44,百合花,烧金蕉,0
E44,王若琳,爱的呼唤,0
E44,郑宜农,给天王星,0
E44,邱比,至繁,0
E44,发光曲线,荒野星,0
E44,魏如萱,藏着并不等于遗忘,2
E44,伍佰&China Blue,让水倒流,2
E44,杨乃文,越美丽越看不见,1
E44,郁可唯,路过人间,0
E44,群星,过春天 电影原声碟,0
E44,懒惰致富集团,飞艇计划,0
E44,陈蕾,1029,0
E45,佛跳墙,BJ肆,0
E45,Robynn & Kendy,Curations,0
E45,吉克隽逸,Global Citizen世界公民Ⅲ,0
E45,陈珊妮,Juvenile A,0
E45,缺省,Life In A Vacuum,2
E45,小尘埃,Little By Little,0
E45,邓小巧,No Coincidence,0
E45,Gong Gong Gong 工工工,Phantom Rhythm 幽灵节奏,1
E45,威神V WayV,Take Off (The 1st Mini Album),0
E45,谢安琪/麦浚龙,The Album And The Rest Of It,0
E45,粉红A,为艺术牺牲,0
E45,丢莱卡,健忘的平原,0
E45,全家福合唱团,全家福II,1
E45,养鸡,养鸡的梦境,0
E45,小老虎,北京吗,1
E45,张雄关,危险地带,0
E45,宫阁,即将上映,0
E45,傻子与白痴,夜长梦少,2
E45,Howie Lee,天地不仁,0
E45,吴青峰,太空人,3
E45,许哲佩,失物之城,0
E45,丁世光,实况电影,0
E45,周华健,少年,0
E45,莫宰羊,幻想曲,1
E45,倒车入库,庸人自扰,1
E45,Ice Paper,成语接龙,0
E45,梁静茹,我好吗? - 太阳如常升起,0
E45,家家,我想要的,0
E45,短裤里的诗歌,我还喜欢你,0
E45,许廷铿,拾,0
E45,鬼卞,无间,1
E45,刘柏辛,无限意识Meta Ego,1
E45,鲁向卉,时间/木马,0
E45,AR刘夫阳,校园寓言故事,0
E45,熊仔/豹子胆,梦想成真,0
E45,橘子海,浪潮上岸,2
E45,苏紫旭,混乱之子,6
E45,脏手指,滥情三部曲,0
E45,百合花,烧金蕉,0
E45,王若琳,爱的呼唤,0
E45,郑宜农,给天王星,0
E45,邱比,至繁,6
E45,发光曲线,荒野星,0
E45,魏如萱,藏着并不等于遗忘,0
E45,伍佰&China Blue,让水倒流,0
E45,杨乃文,越美丽越看不见,0
E45,郁可唯,路过人间,0
E45,群星,过春天 电影原声碟,0
E45,懒惰致富集团,飞艇计划,0
E45,陈蕾,1029,0
E46,佛跳墙,BJ肆,0
E46,Robynn & Kendy,Curations,0
E46,吉克隽逸,Global Citizen世界公民Ⅲ,0
E46,陈珊妮,Juvenile A,0
E46,缺省,Life In A Vacuum,2
E46,小尘埃,Little By Little,0
E46,邓小巧,No Coincidence,0
E46,Gong Gong Gong 工工工,Phantom Rhythm 幽灵节奏,0
E46,威神V WayV,Take Off (The 1st Mini Album),0
E46,谢安琪/麦浚龙,The Album And The Rest Of It,0
E46,粉红A,为艺术牺牲,0
E46,丢莱卡,健忘的平原,1
E46,全家福合唱团,全家福II,2
E46,养鸡,养鸡的梦境,0
E46,小老虎,北京吗,1
E46,张雄关,危险地带,0
E46,宫阁,即将上映,0
E46,傻子与白痴,夜长梦少,0
E46,Howie Lee,天地不仁,0
E46,吴青峰,太空人,0
E46,许哲佩,失物之城,0
E46,丁世光,实况电影,0
E46,周华健,少年,0
E46,莫宰羊,幻想曲,0
E46,倒车入库,庸人自扰,0
E46,Ice Paper,成语接龙,0
E46,梁静茹,我好吗? - 太阳如常升起,0
E46,家家,我想要的,0
E46,短裤里的诗歌,我还喜欢你,0
E46,许廷铿,拾,0
E46,鬼卞,无间,0
E46,刘柏辛,无限意识Meta Ego,0
E46,鲁向卉,时间/木马,0
E46,AR刘夫阳,校园寓言故事,0
E46,熊仔/豹子胆,梦想成真,0
E46,橘子海,浪潮上岸,2
E46,苏紫旭,混乱之子,5
E46,脏手指,滥情三部曲,1
E46,百合花,烧金蕉,0
E46,王若琳,爱的呼唤,0
E46,郑宜农,给天王星,0
E46,邱比,至繁,0
E46,发光曲线,荒野星,5
E46,魏如萱,藏着并不等于遗忘,0
E46,伍佰&China Blue,让水倒流,2
E46,杨乃文,越美丽越看不见,0
E46,郁可唯,路过人间,0
E46,群星,过春天 电影原声碟,0
E46,懒惰致富集团,飞艇计划,0
E46,陈蕾,1029,0
E47,佛跳墙,BJ肆,0
E47,Robynn & Kendy,Curations,0
E47,吉克隽逸,Global Citizen世界公民Ⅲ,0
E47,陈珊妮,Juvenile A,2
E47,缺省,Life In A Vacuum,2
E47,小尘埃,Little By Little,0
E47,邓小巧,No Coincidence,0
E47,Gong Gong Gong 工工工,Phantom Rhythm 幽灵节奏,0
E47,威神V WayV,Take Off (The 1st Mini Album),0
E47,谢安琪/麦浚龙,The Album And The Rest Of It,0
E47,粉红A,为艺术牺牲,0
E47,丢莱卡,健忘的平原,4
E47,全家福合唱团,全家福II,0
E47,养鸡,养鸡的梦境,0
E47,小老虎,北京吗,0
E47,张雄关,危险地带,0
E47,宫阁,即将上映,2
E47,傻子与白痴,夜长梦少,4
E47,Howie Lee,天地不仁,0
E47,吴青峰,太空人,0
E47,许哲佩,失物之城,0
E47,丁世光,实况电影,0
E47,周华健,少年,0
E47,莫宰羊,幻想曲,0
E47,倒车入库,庸人自扰,0
E47,Ice Paper,成语接龙,3
E47,梁静茹,我好吗? - 太阳如常升起,0
E47,家家,我想要的,0
E47,短裤里的诗歌,我还喜欢你,0
E47,许廷铿,拾,0
E47,鬼卞,无间,3
E47,刘柏辛,无限意识Meta Ego,3
E47,鲁向卉,时间/木马,3
E47,AR刘夫阳,校园寓言故事,0
E47,熊仔/豹子胆,梦想成真,0
E47,橘子海,浪潮上岸,3
E47,苏紫旭,混乱之子,0
E47,脏手指,滥情三部曲,0
E47,百合花,烧金蕉,0
E47,王若琳,爱的呼唤,0
E47,郑宜农,给天王星,0
E47,邱比,至繁,0
E47,发光曲线,荒野星,0
E47,魏如萱,藏着并不等于遗忘,0
E47,伍佰&China Blue,让水倒流,0
E47,杨乃文,越美丽越看不见,0
E47,郁可唯,路过人间,0
E47,群星,过春天 电影原声碟,0
E47,懒惰致富集团,飞艇计划,0
E47,陈蕾,1029,0
E48,佛跳墙,BJ肆,0
E48,Robynn & Kendy,Curations,0
E48,吉克隽逸,Global Citizen世界公民Ⅲ,2
E48,陈珊妮,Juvenile A,0
E48,缺省,Life In A Vacuum,0
E48,小尘埃,Little By Little,0
E48,邓小巧,No Coincidence,0
E48,Gong Gong Gong 工工工,Phantom Rhythm 幽灵节奏,0
E48,威神V WayV,Take Off (The 1st Mini Album),0
E48,谢安琪/麦浚龙,The Album And The Rest Of It,0
E48,粉红A,为艺术牺牲,0
E48,丢莱卡,健忘的平原,2
E48,全家福合唱团,全家福II,0
E48,养鸡,养鸡的梦境,0
E48,小老虎,北京吗,0
E48,张雄关,危险地带,0
E48,宫阁,即将上映,0
E48,傻子与白痴,夜长梦少,2
E48,Howie Lee,天地不仁,0
E48,吴青峰,太空人,0
E48,许哲佩,失物之城,0
E48,丁世光,实况电影,0
E48,周华健,少年,0
E48,莫宰羊,幻想曲,0
E48,倒车入库,庸人自扰,0
E48,Ice Paper,成语接龙,0
E48,梁静茹,我好吗? - 太阳如常升起,0
E48,家家,我想要的,0
E48,短裤里的诗歌,我还喜欢你,0
E48,许廷铿,拾,0
E48,鬼卞,无间,4
E48,刘柏辛,无限意识Meta Ego,2
E48,鲁向卉,时间/木马,0
E48,AR刘夫阳,校园寓言故事,0
E48,熊仔/豹子胆,梦想成真,0
E48,橘子海,浪潮上岸,0
E48,苏紫旭,混乱之子,0
E48,脏手指,滥情三部曲,4
E48,百合花,烧金蕉,0
E48,王若琳,爱的呼唤,0
E48,郑宜农,给天王星,0
E48,邱比,至繁,0
E48,发光曲线,荒野星,0
E48,魏如萱,藏着并不等于遗忘,0
E48,伍佰&China Blue,让水倒流,0
E48,杨乃文,越美丽越看不见,0
E48,郁可唯,路过人间,5
E48,群星,过春天 电影原声碟,4
E48,懒惰致富集团,飞艇计划,0
E48,陈蕾,1029,0
E49,佛跳墙,BJ肆,0
E49,Robynn & Kendy,Curations,1
E49,吉克隽逸,Global Citizen世界公民Ⅲ,1
E49,陈珊妮,Juvenile A,1
E49,缺省,Life In A Vacuum,0
E49,小尘埃,Little By Little,1
E49,邓小巧,No Coincidence,0
E49,Gong Gong Gong 工工工,Phantom Rhythm 幽灵节奏,0
E49,威神V WayV,Take Off (The 1st Mini Album),0
E49,谢安琪/麦浚龙,The Album And The Rest Of It,1
E49,粉红A,为艺术牺牲,1
E49,丢莱卡,健忘的平原,0
E49,全家福合唱团,全家福II,0
E49,养鸡,养鸡的梦境,0
E49,小老虎,北京吗,0
E49,张雄关,危险地带,0
E49,宫阁,即将上映,0
E49,傻子与白痴,夜长梦少,0
E49,Howie Lee,天地不仁,1
E49,吴青峰,太空人,4
E49,许哲佩,失物之城,0
E49,丁世光,实况电影,0
E49,周华健,少年,0
E49,莫宰羊,幻想曲,2
E49,倒车入库,庸人自扰,0
E49,Ice Paper,成语接龙,1
E49,梁静茹,我好吗? - 太阳如常升起,0
E49,家家,我想要的,2
E49,短裤里的诗歌,我还喜欢你,2
E49,许廷铿,拾,0
E49,鬼卞,无间,0
E49,刘柏辛,无限意识Meta Ego,0
E49,鲁向卉,时间/木马,1
E49,AR刘夫阳,校园寓言故事,4
E49,熊仔/豹子胆,梦想成真,0
E49,橘子海,浪潮上岸,2
E49,苏紫旭,混乱之子,4
E49,脏手指,滥情三部曲,1
E49,百合花,烧金蕉,1
E49,王若琳,爱的呼唤,2
E49,郑宜农,给天王星,1
E49,邱比,至繁,2
E49,发光曲线,荒野星,0
E49,魏如萱,藏着并不等于遗忘,4
E49,伍佰&China Blue,让水倒流,0
E49,杨乃文,越美丽越看不见,0
E49,郁可唯,路过人间,0
E49,群星,过春天 电影原声碟,0
E49,懒惰致富集团,飞艇计划,0
E49,陈蕾,1029,0
E50,佛跳墙,BJ肆,0
E50,Robynn & Kendy,Curations,0
E50,吉克隽逸,Global Citizen世界公民Ⅲ,0
E50,陈珊妮,Juvenile A,0
E50,缺省,Life In A Vacuum,0
E50,小尘埃,Little By Little,0
E50,邓小巧,No Coincidence,0
E50,Gong Gong Gong 工工工,Phantom Rhythm 幽灵节奏,0
E50,威神V WayV,Take Off (The 1st Mini Album),0
E50,谢安琪/麦浚龙,The Album And The Rest Of It,0
E50,粉红A,为艺术牺牲,3
E50,丢莱卡,健忘的平原,0
E50,全家福合唱团,全家福II,0
E50,养鸡,养鸡的梦境,0
E50,小老虎,北京吗,0
E50,张雄关,危险地带,0
E50,宫阁,即将上映,4
E50,傻子与白痴,夜长梦少,3
E50,Howie Lee,天地不仁,0
E50,吴青峰,太空人,0
E50,许哲佩,失物之城,0
E50,丁世光,实况电影,3
E50,周华健,少年,0
E50,莫宰羊,幻想曲,0
E50,倒车入库,庸人自扰,0
E50,Ice Paper,成语接龙,4
E50,梁静茹,我好吗? - 太阳如常升起,0
E50,家家,我想要的,0
E50,短裤里的诗歌,我还喜欢你,0
E50,许廷铿,拾,0
E50,鬼卞,无间,0
E50,刘柏辛,无限意识Meta Ego,0
E50,鲁向卉,时间/木马,0
E50,AR刘夫阳,校园寓言故事,0
E50,熊仔/豹子胆,梦想成真,0
E50,橘子海,浪潮上岸,0
E50,苏紫旭,混乱之子,0
E50,脏手指,滥情三部曲,0
E50,百合花,烧金蕉,0
E50,王若琳,爱的呼唤,0
E50,郑宜农,给天王星,0
E50,邱比,至繁,4
E50,发光曲线,荒野星,0
E50,魏如萱,藏着并不等于遗忘,0
E50,伍佰&China Blue,让水倒流,0
E50,杨乃文,越美丽越看不见,4
E50,郁可唯,路过人间,0
E50,群星,过春天 电影原声碟,0
E50,懒惰致富集团,飞艇计划,0
E50,陈蕾,1029,0
E51,佛跳墙,BJ肆,0
E51,Robynn & Kendy,Curations,0
E51,吉克隽逸,Global Citizen世界公民Ⅲ,0
E51,陈珊妮,Juvenile A,0
E51,缺省,Life In A Vacuum,0
E51,小尘埃,Little By Little,0
E51,邓小巧,No Coincidence,0
E51,Gong Gong Gong 工工工,Phantom Rhythm 幽灵节奏,0
E51,威神V WayV,Take Off (The 1st Mini Album),0
E51,谢安琪/麦浚龙,The Album And The Rest Of It,0
E51,粉红A,为艺术牺牲,0
E51,丢莱卡,健忘的平原,0
E51,全家福合唱团,全家福II,10
E51,养鸡,养鸡的梦境,0
E51,小老虎,北京吗,0
E51,张雄关,危险地带,0
E51,宫阁,即将上映,0
E51,傻子与白痴,夜长梦少,0
E51,Howie Lee,天地不仁,0
E51,吴青峰,太空人,0
E51,许哲佩,失物之城,0
E51,丁世光,实况电影,0
E51,周华健,少年,0
E51,莫宰羊,幻想曲,0
E51,倒车入库,庸人自扰,0
E51,Ice Paper,成语接龙,0
E51,梁静茹,我好吗? - 太阳如常升起,0
E51,家家,我想要的,0
E51,短裤里的诗歌,我还喜欢你,0
E51,许廷铿,拾,0
E51,鬼卞,无间,0
E51,刘柏辛,无限意识Meta Ego,0
E51,鲁向卉,时间/木马,0
E51,AR刘夫阳,校园寓言故事,0
E51,熊仔/豹子胆,梦想成真,0
E51,橘子海,浪潮上岸,0
E51,苏紫旭,混乱之子,0
E51,脏手指,滥情三部曲,0
E51,百合花,烧金蕉,0
E51,王若琳,爱的呼唤,0
E51,郑宜农,给天王星,0
E51,邱比,至繁,0
E51,发光曲线,荒野星,0
E51,魏如萱,藏着并不等于遗忘,0
E51,伍佰&China Blue,让水倒流,0
E51,杨乃文,越美丽越看不见,0
E51,郁可唯,路过人间,0
E51,群星,过春天 电影原声碟,0
E51,懒惰致富集团,飞艇计划,0
E51,陈蕾,1029,0
E52,佛跳墙,BJ肆,1
E52,Robynn & Kendy,Curations,0
E52,吉克隽逸,Global Citizen世界公民Ⅲ,0
E52,陈珊妮,Juvenile A,4
E52,缺省,Life In A Vacuum,0
E52,小尘埃,Little By Little,0
E52,邓小巧,No Coincidence,3
E52,Gong Gong Gong 工工工,Phantom Rhythm 幽灵节奏,0
E52,威神V WayV,Take Off (The 1st Mini Album),0
E52,谢安琪/麦浚龙,The Album And The Rest Of It,0
E52,粉红A,为艺术牺牲,0
E52,丢莱卡,健忘的平原,1
E52,全家福合唱团,全家福II,0
E52,养鸡,养鸡的梦境,0
E52,小老虎,北京吗,0
E52,张雄关,危险地带,0
E52,宫阁,即将上映,0
E52,傻子与白痴,夜长梦少,2
E52,Howie Lee,天地不仁,1
E52,吴青峰,太空人,0
E52,许哲佩,失物之城,0
E52,丁世光,实况电影,0
E52,周华健,少年,0
E52,莫宰羊,幻想曲,3
E52,倒车入库,庸人自扰,3
E52,Ice Paper,成语接龙,0
E52,梁静茹,我好吗? - 太阳如常升起,2
E52,家家,我想要的,0
E52,短裤里的诗歌,我还喜欢你,0
E52,许廷铿,拾,0
E52,鬼卞,无间,0
E52,刘柏辛,无限意识Meta Ego,1
E52,鲁向卉,时间/木马,0
E52,AR刘夫阳,校园寓言故事,1
E52,熊仔/豹子胆,梦想成真,0
E52,橘子海,浪潮上岸,1
E52,苏紫旭,混乱之子,5
E52,脏手指,滥情三部曲,0
E52,百合花,烧金蕉,1
E52,王若琳,爱的呼唤,0
E52,郑宜农,给天王星,1
E52,邱比,至繁,0
E52,发光曲线,荒野星,0
E52,魏如萱,藏着并不等于遗忘,4
E52,伍佰&China Blue,让水倒流,0
E52,杨乃文,越美丽越看不见,0
E52,郁可唯,路过人间,0
E52,群星,过春天 电影原声碟,0
E52,懒惰致富集团,飞艇计划,0
E52,陈蕾,1029,0
E53,佛跳墙,BJ肆,0
E53,Robynn & Kendy,Curations,0
E53,吉克隽逸,Global Citizen世界公民Ⅲ,0
E53,陈珊妮,Juvenile A,0
E53,缺省,Life In A Vacuum,0
E53,小尘埃,Little By Little,0
E53,邓小巧,No Coincidence,0
E53,Gong Gong Gong 工工工,Phantom Rhythm 幽灵节奏,1
E53,威神V WayV,Take Off (The 1st Mini Album),0
E53,谢安琪/麦浚龙,The Album And The Rest Of It,0
E53,粉红A,为艺术牺牲,0
E53,丢莱卡,健忘的平原,0
E53,全家福合唱团,全家福II,1
E53,养鸡,养鸡的梦境,1
E53,小老虎,北京吗,6
E53,张雄关,危险地带,2
E53,宫阁,即将上映,0
E53,傻子与白痴,夜长梦少,0
E53,Howie Lee,天地不仁,1
E53,吴青峰,太空人,0
E53,许哲佩,失物之城,0
E53,丁世光,实况电影,0
E53,周华健,少年,0
E53,莫宰羊,幻想曲,0
E53,倒车入库,庸人自扰,0
E53,Ice Paper,成语接龙,0
E53,梁静茹,我好吗? - 太阳如常升起,0
E53,家家,我想要的,0
E53,短裤里的诗歌,我还喜欢你,0
E53,许廷铿,拾,0
E53,鬼卞,无间,0
E53,刘柏辛,无限意识Meta Ego,1
E53,鲁向卉,时间/木马,0
E53,AR刘夫阳,校园寓言故事,2
E53,熊仔/豹子胆,梦想成真,0
E53,橘子海,浪潮上岸,0
E53,苏紫旭,混乱之子,0
E53,脏手指,滥情三部曲,6
E53,百合花,烧金蕉,0
E53,王若琳,爱的呼唤,0
E53,郑宜农,给天王星,0
E53,邱比,至繁,0
E53,发光曲线,荒野星,0
E53,魏如萱,藏着并不等于遗忘,0
E53,伍佰&China Blue,让水倒流,0
E53,杨乃文,越美丽越看不见,0
E53,郁可唯,路过人间,0
E53,群星,过春天 电影原声碟,0
E53,懒惰致富集团,飞艇计划,0
E53,陈蕾,1029,0
E54,佛跳墙,BJ肆,2
E54,Robynn & Kendy,Curations,0
E54,吉克隽逸,Global Citizen世界公民Ⅲ,0
E54,陈珊妮,Juvenile A,0
E54,缺省,Life In A Vacuum,0
E54,小尘埃,Little By Little,0
E54,邓小巧,No Coincidence,0
E54,Gong Gong Gong 工工工,Phantom Rhythm 幽灵节奏,0
E54,威神V WayV,Take Off (The 1st Mini Album),0
E54,谢安琪/麦浚龙,The Album And The Rest Of It,0
E54,粉红A,为艺术牺牲,0
E54,丢莱卡,健忘的平原,0
E54,全家福合唱团,全家福II,0
E54,养鸡,养鸡的梦境,0
E54,小老虎,北京吗,0
E54,张雄关,危险地带,0
E54,宫阁,即将上映,0
E54,傻子与白痴,夜长梦少,2
E54,Howie Lee,天地不仁,0
E54,吴青峰,太空人,0
E54,许哲佩,失物之城,0
E54,丁世光,实况电影,0
E54,周华健,少年,2
E54,莫宰羊,幻想曲,0
E54,倒车入库,庸人自扰,0
E54,Ice Paper,成语接龙,0
E54,梁静茹,我好吗? - 太阳如常升起,0
E54,家家,我想要的,0
E54,短裤里的诗歌,我还喜欢你,0
E54,许廷铿,拾,0
E54,鬼卞,无间,0
E54,刘柏辛,无限意识Meta Ego,0
E54,鲁向卉,时间/木马,0
E54,AR刘夫阳,校园寓言故事,0
E54,熊仔/豹子胆,梦想成真,0
E54,橘子海,浪潮上岸,2
E54,苏紫旭,混乱之子,0
E54,脏手指,滥情三部曲,0
E54,百合花,烧金蕉,3
E54,王若琳,爱的呼唤,0
E54,郑宜农,给天王星,3
E54,邱比,至繁,3
E54,发光曲线,荒野星,0
E54,魏如萱,藏着并不等于遗忘,7
E54,伍佰&China Blue,让水倒流,0
E54,杨乃文,越美丽越看不见,0
E54,郁可唯,路过人间,0
E54,群星,过春天 电影原声碟,0
E54,懒惰致富集团,飞艇计划,0
E54,陈蕾,1029,0
